CREATE DATABASE  IF NOT EXISTS `mydb` /*!40100 DEFAULT CHARACTER SET utf8mb3 */ /*!80016 DEFAULT ENCRYPTION='N' */;
USE `mydb`;
-- MySQL dump 10.13  Distrib 8.0.34, for Win64 (x86_64)
--
-- Host: localhost    Database: mydb
-- ------------------------------------------------------
-- Server version	8.0.35

/*!40101 SET @OLD_CHARACTER_SET_CLIENT=@@CHARACTER_SET_CLIENT */;
/*!40101 SET @OLD_CHARACTER_SET_RESULTS=@@CHARACTER_SET_RESULTS */;
/*!40101 SET @OLD_COLLATION_CONNECTION=@@COLLATION_CONNECTION */;
/*!50503 SET NAMES utf8 */;
/*!40103 SET @OLD_TIME_ZONE=@@TIME_ZONE */;
/*!40103 SET TIME_ZONE='+00:00' */;
/*!40014 SET @OLD_UNIQUE_CHECKS=@@UNIQUE_CHECKS, UNIQUE_CHECKS=0 */;
/*!40014 SET @OLD_FOREIGN_KEY_CHECKS=@@FOREIGN_KEY_CHECKS, FOREIGN_KEY_CHECKS=0 */;
/*!40101 SET @OLD_SQL_MODE=@@SQL_MODE, SQL_MODE='NO_AUTO_VALUE_ON_ZERO' */;
/*!40111 SET @OLD_SQL_NOTES=@@SQL_NOTES, SQL_NOTES=0 */;

--
-- Table structure for table `cart`
--

DROP TABLE IF EXISTS `cart`;
/*!40101 SET @saved_cs_client     = @@character_set_client */;
/*!50503 SET character_set_client = utf8mb4 */;
CREATE TABLE `cart` (
  `idCart` int NOT NULL,
  `idUser` int DEFAULT NULL,
  PRIMARY KEY (`idCart`)
) ENGINE=InnoDB DEFAULT CHARSET=utf8mb3;
/*!40101 SET character_set_client = @saved_cs_client */;

--
-- Dumping data for table `cart`
--

LOCK TABLES `cart` WRITE;
/*!40000 ALTER TABLE `cart` DISABLE KEYS */;
INSERT INTO `cart` VALUES (1,101),(2,102),(3,103),(4,104),(5,105),(6,106),(7,107),(8,108),(9,109),(10,110);
/*!40000 ALTER TABLE `cart` ENABLE KEYS */;
UNLOCK TABLES;

--
-- Table structure for table `cartitem`
--

DROP TABLE IF EXISTS `cartitem`;
/*!40101 SET @saved_cs_client     = @@character_set_client */;
/*!50503 SET character_set_client = utf8mb4 */;
CREATE TABLE `cartitem` (
  `idCartItem` int NOT NULL AUTO_INCREMENT,
  `idCart` int NOT NULL,
  `idMenu` int NOT NULL,
  `quantity` int NOT NULL,
  PRIMARY KEY (`idCartItem`),
  KEY `fk_CartItem_Cart_idx` (`idCart`),
  KEY `fk_CartItem_Menu1_idx` (`idMenu`),
  CONSTRAINT `fk_CartItem_Cart` FOREIGN KEY (`idCart`) REFERENCES `cart` (`idCart`),
  CONSTRAINT `fk_CartItem_Menu1` FOREIGN KEY (`idMenu`) REFERENCES `menu` (`idMenu`)
) ENGINE=InnoDB AUTO_INCREMENT=12 DEFAULT CHARSET=utf8mb3;
/*!40101 SET character_set_client = @saved_cs_client */;

--
-- Dumping data for table `cartitem`
--

LOCK TABLES `cartitem` WRITE;
/*!40000 ALTER TABLE `cartitem` DISABLE KEYS */;
INSERT INTO `cartitem` VALUES (1,1,1,2),(2,1,3,1),(3,2,2,3),(4,2,5,1),(5,3,4,2),(6,3,8,1),(7,4,6,2),(8,4,10,1),(9,5,7,3),(10,5,9,1),(11,1,11,1);
/*!40000 ALTER TABLE `cartitem` ENABLE KEYS */;
UNLOCK TABLES;

--
-- Table structure for table `menu`
--

DROP TABLE IF EXISTS `menu`;
/*!40101 SET @saved_cs_client     = @@character_set_client */;
/*!50503 SET character_set_client = utf8mb4 */;
CREATE TABLE `menu` (
  `idMenu` int NOT NULL AUTO_INCREMENT,
  `name` varchar(90) NOT NULL,
  `price` int NOT NULL,
  `image` blob,
  `description` varchar(250) DEFAULT NULL,
  `availability` int DEFAULT NULL,
  `idResto` int NOT NULL,
  PRIMARY KEY (`idMenu`),
  KEY `fk_Menu_Resto1_idx` (`idResto`),
  CONSTRAINT `fk_Menu_Resto1` FOREIGN KEY (`idResto`) REFERENCES `resto` (`idResto`)
) ENGINE=InnoDB AUTO_INCREMENT=981 DEFAULT CHARSET=utf8mb3;
/*!40101 SET character_set_client = @saved_cs_client */;

--
-- Dumping data for table `menu`
--

LOCK TABLES `menu` WRITE;
/*!40000 ALTER TABLE `menu` DISABLE KEYS */;
INSERT INTO `menu` VALUES (1,'Butter Chicken Naan Combo + Chicken Tikka Masala Naan Combo',73710,NULL,'Menu bundle naan combo paling favorit dari ACCHA, Butter Chicken + Chicken Tikka Masala Naan Combo',13,1),(2,'Aburi Gyudon + Favorite Onigiri Bento A',88560,NULL,'Special untuk kamu! Harga spesial untuk menu Aburi Gyudon + Favorite Onigiri Bento A favoritmu',30,1),(3,'2 Pcs Accha Fried Chicken Rice Set + Yoghurt Sauce',49900,NULL,'Diskon Spesial 4 tahun Accha dengan Accha4You! Nikmati Menu 2 Pcs Accha Fried Chicken Rice Set + Yoghurt Sauce',6,1),(4,'Favorite Onigiri Bento A + Favorite Onigiri Bento B',99000,NULL,'Hanya untuk kamu! Harga spesial untuk menu combo Favorite Onigiri Bento A + Favorite Onigiri Bento B!',25,1),(5,'2 Ayam Goreng Penyet (Korek Jontor + Kecombrang)',45000,NULL,'Hanya untuk kamu! Harga spesial untuk menu 2 Ayam Goreng Penyet (Korek Jontor + Kecombrang) favoritmu!',17,1),(6,'2 Ayam Goreng Penyet Korek Jontor FREE 2 Es Teh Manis',57000,NULL,'Hanya untuk kamu! Harga spesial untuk menu 2 Ayam Goreng Penyet Korek Jontor FREE 2 Es Teh Manis favoritmu!',16,1),(7,'2 Pcs Moon Fried Chicken Jumeokbap Rice Set',50000,NULL,'Hanya untuk kamu! Harga spesial untuk menu 2 Pcs Moon Fried Chicken Jumeokbap Rice Set favoritmu!',1,1),(8,'5 Pcs Korean Chicken Wings + Honey Mustard Sauce',46800,NULL,'Hanya untuk kamu! Harga spesial untuk menu 5 Pcs Korean Chicken Wings + Honey Mustard Sauce favoritmu!',16,1),(9,'Tom Yum Fried Rice + Wai Thai Tea',44000,NULL,'Hanya untuk kamu! Harga spesial untuk menu Tom Yum Fried Rice + Wai Thai Tea favoritmu!',15,1),(10,'2 Pcs Fried Chicken Hot Nashville Rice Set FREE Cheese Cheddar',52000,NULL,'Hanya untuk kamu! Harga spesial untuk menu 2 Pcs Fried Chicken Hot Nashville Rice Set FREE Cheese Cheddar favoritmu!',12,1),(11,'Chicken Biryani Bowl + Papadum',44000,NULL,'Diskon Spesial 4 tahun Accha dengan Accha4You! Nikmati Menu Chicken Biryani Bowl + Papadum',10,1),(12,'Aburi Gyudon + Teriyaki Gyudon Regular',79900,NULL,'Khusus hari ini! promo menu best seller Aburi Gyudon & Teriyaki Gyudon nikmat HEMAT cuma di San Gyu',29,1),(13,'2 pcs Fried Chicken Hot Nashville Rice Set',52000,NULL,'Ayam goreng dengan saus Nashville yang pedasnya smokey dari cayenne pepper yang bikin kamu ketagihan. Dilengkapi dengan nasi putih',0,1),(14,'5 pcs Chicken Wings Hot Nashville A La Carte',50000,NULL,'Sayap ayam goreng dengan saus Nashville yang pedasnya smokey dari cayenne pepper yang bikin ketagihan! Cocok untuk snack time!',8,1),(15,'2 pcs Fried Chicken Fire Mala Rice Set',52000,NULL,'Ayam goreng dengan saus Mala yang pedasnya mengigit dan aromatik. Dilengkapi dengan nasi putih',17,1),(16,'5 pcs Chicken Wings Fire Mala A La Carte',50000,NULL,'Sayap ayam goreng dengan saus Mala yang pedasnya mengigit dan aromatik. Cocok untuk snack time!',29,1),(17,'Chicken Kofta Biryani Rice Bowl (Contain: Bakso Ayam, Nasi Biryani)',44900,NULL,'Nasi Basmati yang dimasak pake rempah citarasa tinggi khas India dan Chicken Kofta (Bakso Ayam khas India) yang gurihnya bikin Bu Sisca Soewitomo pengen nyobain juga!',13,1),(18,'Chicken Biryani Rice Bowl (Contain: Ayam Kari, Nasi Biryani)',47900,NULL,'Nasi Basmati dimasak pake rempah spesial khas India, dan potongan daging ayam yang dimarinasi sampe kamu lupa kalo kamu di Indonesia, bukan di India. Makin enak pake saus Yogurt.',15,1),(19,'2 Pcs Accha Fried Chicken Biryani Rice Set',69900,NULL,'Perpaduan paling yahud dari nasi biryani dan ayam goreng juicy dengan saus rempah yang gurih dan aromatik khas ACCHA.',19,1),(20,'1 Pc Accha Fried Chicken Rice Set',35900,NULL,'Potongan ayam goreng juicy dengan saus rempah yang gurih dan aromatik khas ACCHA ditambah dengan nasi putih hangat.',13,1),(21,'5 Pcs Accha Chicken Wings Rice Set',59400,NULL,'Chicken Wings juicy dengan saus rempah yang gurih dan aromatik khas ACCHA, dihidangkan dengan nasi hangat.',6,1),(22,'3 Pcs Accha Chicken Wings Biryani Rice Set',53000,NULL,'Perpaduan paling yahud dari nasi biryani dan Chicken Wings juicy dengan saus rempah gurih dan aromatik khas ACCHA.',14,1),(23,'Butter Chicken + Naan (Contain: Ayam Tikka)',45900,NULL,'Smooth like butter~ (Halo BTS, gak mau collab??) Potongan ayam panggang dicampur kuah kari tomat spesial & saus butter yang creamy abis! Disajikan sama roti naan khas India.',6,1),(24,'Chicken Tikka Masala + Naan (Contain: Ayam Tikka)',45900,NULL,'Buat pecinta pedes, tanpa takut kena masala(h) perut! Potongan ayam dipanggang gaya tikka pake saus rahasia, ditambah kuah kari rempah spesial. Disajikan sama roti naan khas India.',25,1),(25,'Butter Chicken Big Bowl (Contain: Ayam Tikka)',69900,NULL,'Potongan ayam yang juicy dimasak sama bumbu kari tomat dan butter yang creamy dan smooth abisss~ cocok buat dimakan berdua! Cocok buat dimakan ramean!',15,1),(26,'Chicken Tikka Masala Big Bowl (Contain: Ayam Tikka)',69900,NULL,'Potongan ayam dimarinasi dan dipanggang gaya tikka dalam kuah kari yang spesial dari ACCHA! Cocok buat dimakan berdua! Cocok buat dimakan ramean!',4,1),(27,'2 Pcs Moon Fried Chicken Ala Carte',44000,NULL,'Pilih 1 rasa',13,1),(28,'6 Pcs Moon Fried Chicken Ala Carte',126000,NULL,'6 Pcs Moon Fried Chicken. Pilih 2 rasa',20,1),(29,'1 Pc Moon Fried Chicken Rice Set',34000,NULL,'1 Pc Moon Fried Chicken + Nasi. Pilih 1 rasa',11,1),(30,'2 Pcs Moon Fried Chicken Rice Set',51000,NULL,'2 Pcs Moon Fried Chicken + Nasi. Pilih 1 rasa',5,1),(31,'5 Pcs Korean Chicken Wings',47000,NULL,'5 Pcs Korean Chicken Wings. Pilih 1 rasa',28,1),(32,'20 Pcs Korean Chicken Wings',170000,NULL,'Pilih 4 rasa',18,1),(33,'10 Pcs Korean Chicken Wings Rice Set',93000,NULL,'10 Pcs Korean Chicken Wings + Nasi. Pilih 2 rasa',13,1),(34,'Meteor Chicken Rice',46500,NULL,'Popcorn Chicken (boneless) + Nasi + Telur Mata Sapi + Extra Mayo. Pilih 1 rasa',11,1),(35,'XL Meteor Chicken (Chicken Only, 2x Portion)',68500,NULL,'2x porsi Popcorn Chicken (boneless) + Extra Mayo. Pilih 1 rasa',9,1),(36,'Moon Mandu (Moon Snack)',30000,NULL,'5pcs Mandu goreng Korea isi ayam dan sayur cincang.',0,1),(37,'Korean Chicken Skin (Moon Snack)',30000,NULL,'Kulit ayam garing dengan Flavors of the Galaxy. Pilih 1 rasa',25,1),(38,'Ayam Geprek Nasi Wangi Sambal Original',28900,NULL,'Nasi Wangi TerENAK Sejagat Raya (agak pedes ya). Makannya pake Ayam Koplo Sambel Original dicampur sama Telur Orak-Arik, Serundeng, dan Kremesan (alat makan hanya disediakan berdasarkan permintaan)',26,1),(39,'Ayam Geprek Nasi Wangi Sambal Matah',28900,NULL,'Nasi Wangi Paling JUARA (agak pedes ya). Pake Ayam Koplo Sambel Matah Campuran Tiga Diva Bawang, Cabe, dan Daun Jeruk (alat makan hanya disediakan berdasarkan permintaan)',27,1),(40,'Ayam Geprek Sambal Ori. Mozza',34400,NULL,'Paket Nasi + Ayam Khas Ayam Koplo Pake Keju Mozza Meler-Meler Enak Suer! (alat makan hanya disediakan berdasarkan permintaan)',14,1),(41,'Aburi Gyudon (Beef Rice Bowl)',52000,NULL,'Menu Beef Gyudon ala San Gyu, menggunakan 100% daging sapi US Premium yang sedikit dibakar, memberikan kamu sensasi smokey yang nikmat di porsi menu makan mu. (alat makan diberikan saat request).',18,1),(42,'Teriyaki Gyudon (Beef Rice Bowl)',56000,NULL,'Menu favorit Beef Gyudon Teriyaki ala San Gyu menggunakan 100% daging sapi US Premium & dengan bahan-bahan terbaik.',0,1),(43,'Combo Don (Beef Rice Bowl)',56000,NULL,'Menu Beef Gyudon dengan 2 rasa daging yang berbeda, menggunakan 100% daging sapi US Premium bikin waktu makan mu jadi lebih nikmat & seru (alat makan diberikan saat request).',12,1),(44,'Tori Steak Teriyaki Don (Chicken Rice Bowl)',44000,NULL,'Steak ayam panggang, dipadukan dengan saus Teriyaki Jepang yang autentik.',22,1),(45,'Tori Steak Hickory Smoke Don (Chicken Rice Bowl)',44000,NULL,'Steak ayam panggang dipadukan dengan saus smokey, manis, dan tajam',14,1),(46,'Curry Tori Katsu Don (Chicken Rice Bowl)',46000,NULL,'Ayam katsu dengan saus Kari disajikan dengan nasi khas Jepang',25,1),(47,'Mentai Tori Katsu Don (Chicken Rice Bowl)',38000,NULL,'Ayam katsu dengan saus Mentai yang sedikit dibakar dan tobiko, disajikan dengan nasi khas Jepang',5,1),(48,'Favorite Onigiri Bento A',59900,NULL,'Bento dengan isian tori mayo + campuran Agemono (Egg Chicken Roll, Tori Ball, Shrimp Roll) dengan onigiri yang berbumbu dan salad.',13,1),(49,'Favorite Onigiri Bento B',59900,NULL,'Bento dengan isian tori katsu + campuran Agemono (Egg Chicken Roll, Tori Ball, Shrimp Roll) dengan Onigiri yang berbumbu dan salad.',7,1),(50,'Premium Onigiri Bento A',79000,NULL,'Bento dengan isian Onigiri berbumbu, Gyudon dan Tori mayo pilihanmu. Disajikan dengan salad.',19,1),(51,'Premium Onigiri Bento B',64900,NULL,'Bento dengan isian Onigiri berbumbu, Tori Mayo dan Tori Katsu pilihanmu. Disajikan dengan salad.',22,1),(52,'Agemono A (Value Meal Bento)',35500,NULL,'Perpaduan 2 Egg Roll + 2 Tori Ball disajikan dengan Nasi Jepang dan salad.',21,1),(53,'Agemono B (Value Meal Bento)',35500,NULL,'Perpaduan 2 Shrimp Roll + 2 Tori Ball disajikan nasi Jepang dan salad.',8,1),(54,'Agemono C (Value Meal Bento)',35500,NULL,'Perpaduan 2 Shrimp Roll + 2 Egg Chicken Roll disajikan dengan nasi Jepang dan salad',2,1),(55,'Wai Pad Thai (Kwetiau Goreng Thailand)',45000,NULL,'Kwetiau khas Thailand dengan topping potongan bakso seafood, tauge, dan telur orak arik.',17,1),(56,'Tomyum Khao Pad (Fried Rice/Nasi Goreng)',35000,NULL,'Nasi goreng Tom Yum ala Thai yang segar, asam, dan sedikit pedas. Dengan topping bakso seafood dan telur mata sapi. Level kepedasan: 1',26,1),(57,'Tomyum Gai Grob (Crispy Chicken Rice Bowl)',42000,NULL,'Popcorn chicken dengan saus andalan dari Thailand, ledakan kesegaran pedas dan asam yang aromatik dari cabai, jahe, asam, dan tomat.',30,1),(58,'Green Curry Gai Grob (Crispy Chicken Rice Bowl)',42000,NULL,'Popcorn chicken dengan saus kari khas thailand yang gurih dan creamy. Bisa pilih nasi favorite mu!',20,1),(59,'Thai Sweet & Sour Gai Grob (Crispy Chicken Rice Bowl)',42000,NULL,'Popcorn Chicken dengan saus asam manis khas Thailand. Level kepedasan: 1. Bisa pilih nasi favorite mu!',20,1),(60,'Pop Bowl',22000,NULL,'Rice bowl ayam goreng dengan saus yang bisa kamu pilih, dilengkapi telur orak arik',5,1),(61,'Nasi Kulit Renyah Idolaku',19400,NULL,'Nasi kulit renyah, se-renyah jokes Bapack2. Kulit yang gurih dipadu dengan telur orak-arik dan sambal khas Indonesia. Makin komplit dengan taburan serundeng!',9,1),(62,'Mini Lukchin Gai (Bakso Ayam Tanpa Nasi)',20000,NULL,'3 Pcs Chicken Meatballs yang lembut dan gurih',25,1),(63,'Extra Japanese Spicy Nori Rice',15000,NULL,'Nasi Jepang lembut yang dibumbui dengan rumput laut, wijen dan bubuk cabai.',19,1),(64,'Extra Japanese Nori Rice',14000,NULL,'Nasi yang dibumbui dengan rumput laut dan wijen.',23,1),(65,'Extra Nasi Wangi',9900,NULL,'Nasi wangi bumbu spesial Koplo. Wangi-wangi pedes-pedes gimana gitu. Pokoknya manteubh!',30,1),(66,'Plain Biryani Bowl',39900,NULL,'Nasi Basmati dimasak pake rempah spesial khas India',11,1),(67,'White Rice',6000,NULL,'Extra porsi nasi putih',14,1),(68,'Basmati Rice',18000,NULL,'Extra porsi nasi basmati, nasi khas India',6,1),(69,'Butter Naan',17900,NULL,'Roti panggang khas India yang dioles mentega spesial.',7,1),(70,'Papadum (Kerupuk India)',10000,NULL,'Kerupuk ala India yang gurih. Hati-hati bikin nagih!',0,1),(71,'Mint Chutney',5000,NULL,'Saus nikmat khas India. Campuran cilantro, mint, dan rempah spesial yang membuat makananmu makin enak!',2,1),(72,'Yoghurt Sauce',5000,NULL,'Saus kombinasi yogurt dan rempah spesial yang cocok bikin makanan makin enak!',20,1),(73,'Teman Makan',15000,NULL,'Pink Lemonade Tea',3,1),(74,'Korean Strawberry Milk',15000,NULL,'Es susu strawberry ala Korea yang fruity dan creamy. Cocok untuk penyuka minuman manis',8,1),(75,'Premium Series',15000,NULL,'Tulis di note Custom Message. Template : Dari : [X] Pada : [X] Pesan : [max. 50 karakter]',9,1),(76,'Es Kopi Susu Gula Aren',17500,NULL,'Perpaduan kopi espresso dengan susu creamy dan gula aren premium yang kaya akan rasa',23,1),(77,'Blonde Creamy Latte',15000,NULL,'Minuman non-Coffee unik khas Dari Pada, campuran susu creamy dan gula aren premium yang kaya akan rasa',10,1),(78,'Butter Chicken Naan Combo + Chicken Tikka Masala Naan Combo',73710,NULL,'Menu bundle naan combo paling favorit dari ACCHA, Butter Chicken + Chicken Tikka Masala Naan Combo',7,2),(79,'Aburi Gyudon + Favorite Onigiri Bento A',88560,NULL,'Special untuk kamu! Harga spesial untuk menu Aburi Gyudon + Favorite Onigiri Bento A favoritmu',12,2),(80,'2 Pcs Accha Fried Chicken Rice Set + Yoghurt Sauce',49900,NULL,'Diskon Spesial 4 tahun Accha dengan Accha4You! Nikmati Menu 2 Pcs Accha Fried Chicken Rice Set + Yoghurt Sauce',6,2),(81,'Favorite Onigiri Bento A + Favorite Onigiri Bento B',99000,NULL,'Hanya untuk kamu! Harga spesial untuk menu combo Favorite Onigiri Bento A + Favorite Onigiri Bento B!',19,2),(82,'2 Ayam Goreng Penyet (Korek Jontor + Kecombrang)',45000,NULL,'Hanya untuk kamu! Harga spesial untuk menu 2 Ayam Goreng Penyet (Korek Jontor + Kecombrang) favoritmu!',11,2),(83,'2 Ayam Goreng Penyet Korek Jontor FREE 2 Es Teh Manis',57000,NULL,'Hanya untuk kamu! Harga spesial untuk menu 2 Ayam Goreng Penyet Korek Jontor FREE 2 Es Teh Manis favoritmu!',24,2),(84,'2 Pcs Moon Fried Chicken Jumeokbap Rice Set',50000,NULL,'Hanya untuk kamu! Harga spesial untuk menu 2 Pcs Moon Fried Chicken Jumeokbap Rice Set favoritmu!',28,2),(85,'5 Pcs Korean Chicken Wings + Honey Mustard Sauce',46800,NULL,'Hanya untuk kamu! Harga spesial untuk menu 5 Pcs Korean Chicken Wings + Honey Mustard Sauce favoritmu!',27,2),(86,'Tom Yum Fried Rice + Wai Thai Tea',44000,NULL,'Hanya untuk kamu! Harga spesial untuk menu Tom Yum Fried Rice + Wai Thai Tea favoritmu!',12,2),(87,'2 Pcs Fried Chicken Hot Nashville Rice Set FREE Cheese Cheddar',52000,NULL,'Hanya untuk kamu! Harga spesial untuk menu 2 Pcs Fried Chicken Hot Nashville Rice Set FREE Cheese Cheddar favoritmu!',6,2),(88,'Chicken Biryani Bowl + Papadum',44000,NULL,'Diskon Spesial 4 tahun Accha dengan Accha4You! Nikmati Menu Chicken Biryani Bowl + Papadum',15,2),(89,'Aburi Gyudon + Teriyaki Gyudon Regular',79900,NULL,'Khusus hari ini! promo menu best seller Aburi Gyudon & Teriyaki Gyudon nikmat HEMAT cuma di San Gyu',22,2),(90,'2 pcs Fried Chicken Hot Nashville Rice Set',52000,NULL,'Ayam goreng dengan saus Nashville yang pedasnya smokey dari cayenne pepper yang bikin kamu ketagihan. Dilengkapi dengan nasi putih',19,2),(91,'5 pcs Chicken Wings Hot Nashville A La Carte',50000,NULL,'Sayap ayam goreng dengan saus Nashville yang pedasnya smokey dari cayenne pepper yang bikin ketagihan! Cocok untuk snack time!',20,2),(92,'2 pcs Fried Chicken Fire Mala Rice Set',52000,NULL,'Ayam goreng dengan saus Mala yang pedasnya mengigit dan aromatik. Dilengkapi dengan nasi putih',9,2),(93,'5 pcs Chicken Wings Fire Mala A La Carte',50000,NULL,'Sayap ayam goreng dengan saus Mala yang pedasnya mengigit dan aromatik. Cocok untuk snack time!',20,2),(94,'Chicken Kofta Biryani Rice Bowl (Contain: Bakso Ayam, Nasi Biryani)',44900,NULL,'Nasi Basmati yang dimasak pake rempah citarasa tinggi khas India dan Chicken Kofta (Bakso Ayam khas India) yang gurihnya bikin Bu Sisca Soewitomo pengen nyobain juga!',26,2),(95,'Chicken Biryani Rice Bowl (Contain: Ayam Kari, Nasi Biryani)',47900,NULL,'Nasi Basmati dimasak pake rempah spesial khas India, dan potongan daging ayam yang dimarinasi sampe kamu lupa kalo kamu di Indonesia, bukan di India. Makin enak pake saus Yogurt.',4,2),(96,'2 Pcs Accha Fried Chicken Biryani Rice Set',69900,NULL,'Perpaduan paling yahud dari nasi biryani dan ayam goreng juicy dengan saus rempah yang gurih dan aromatik khas ACCHA.',30,2),(97,'1 Pc Accha Fried Chicken Rice Set',35900,NULL,'Potongan ayam goreng juicy dengan saus rempah yang gurih dan aromatik khas ACCHA ditambah dengan nasi putih hangat.',4,2),(98,'5 Pcs Accha Chicken Wings Rice Set',59400,NULL,'Chicken Wings juicy dengan saus rempah yang gurih dan aromatik khas ACCHA, dihidangkan dengan nasi hangat.',16,2),(99,'3 Pcs Accha Chicken Wings Biryani Rice Set',53000,NULL,'Perpaduan paling yahud dari nasi biryani dan Chicken Wings juicy dengan saus rempah gurih dan aromatik khas ACCHA.',22,2),(100,'Butter Chicken + Naan (Contain: Ayam Tikka)',45900,NULL,'Smooth like butter~ (Halo BTS, gak mau collab??) Potongan ayam panggang dicampur kuah kari tomat spesial & saus butter yang creamy abis! Disajikan sama roti naan khas India.',9,2),(101,'Chicken Tikka Masala + Naan (Contain: Ayam Tikka)',45900,NULL,'Buat pecinta pedes, tanpa takut kena masala(h) perut! Potongan ayam dipanggang gaya tikka pake saus rahasia, ditambah kuah kari rempah spesial. Disajikan sama roti naan khas India.',21,2),(102,'Butter Chicken Big Bowl (Contain: Ayam Tikka)',69900,NULL,'Potongan ayam yang juicy dimasak sama bumbu kari tomat dan butter yang creamy dan smooth abisss~ cocok buat dimakan berdua! Cocok buat dimakan ramean!',28,2),(103,'Chicken Tikka Masala Big Bowl (Contain: Ayam Tikka)',69900,NULL,'Potongan ayam dimarinasi dan dipanggang gaya tikka dalam kuah kari yang spesial dari ACCHA! Cocok buat dimakan berdua! Cocok buat dimakan ramean!',6,2),(104,'2 Pcs Moon Fried Chicken Ala Carte',44000,NULL,'Pilih 1 rasa',18,2),(105,'6 Pcs Moon Fried Chicken Ala Carte',126000,NULL,'6 Pcs Moon Fried Chicken. Pilih 2 rasa',26,2),(106,'1 Pc Moon Fried Chicken Rice Set',34000,NULL,'1 Pc Moon Fried Chicken + Nasi. Pilih 1 rasa',23,2),(107,'2 Pcs Moon Fried Chicken Rice Set',51000,NULL,'2 Pcs Moon Fried Chicken + Nasi. Pilih 1 rasa',20,2),(108,'5 Pcs Korean Chicken Wings',47000,NULL,'5 Pcs Korean Chicken Wings. Pilih 1 rasa',20,2),(109,'20 Pcs Korean Chicken Wings',170000,NULL,'Pilih 4 rasa',25,2),(110,'10 Pcs Korean Chicken Wings Rice Set',93000,NULL,'10 Pcs Korean Chicken Wings + Nasi. Pilih 2 rasa',18,2),(111,'Meteor Chicken Rice',46500,NULL,'Popcorn Chicken (boneless) + Nasi + Telur Mata Sapi + Extra Mayo. Pilih 1 rasa',27,2),(112,'XL Meteor Chicken (Chicken Only, 2x Portion)',68500,NULL,'2x porsi Popcorn Chicken (boneless) + Extra Mayo. Pilih 1 rasa',2,2),(113,'Moon Mandu (Moon Snack)',30000,NULL,'5pcs Mandu goreng Korea isi ayam dan sayur cincang.',10,2),(114,'Korean Chicken Skin (Moon Snack)',30000,NULL,'Kulit ayam garing dengan Flavors of the Galaxy. Pilih 1 rasa',10,2),(115,'Ayam Geprek Nasi Wangi Sambal Original',28900,NULL,'Nasi Wangi TerENAK Sejagat Raya (agak pedes ya). Makannya pake Ayam Koplo Sambel Original dicampur sama Telur Orak-Arik, Serundeng, dan Kremesan (alat makan hanya disediakan berdasarkan permintaan)',9,2),(116,'Ayam Geprek Nasi Wangi Sambal Matah',28900,NULL,'Nasi Wangi Paling JUARA (agak pedes ya). Pake Ayam Koplo Sambel Matah Campuran Tiga Diva Bawang, Cabe, dan Daun Jeruk (alat makan hanya disediakan berdasarkan permintaan)',20,2),(117,'Ayam Geprek Sambal Ori. Mozza',34400,NULL,'Paket Nasi + Ayam Khas Ayam Koplo Pake Keju Mozza Meler-Meler Enak Suer! (alat makan hanya disediakan berdasarkan permintaan)',29,2),(118,'Aburi Gyudon (Beef Rice Bowl)',52000,NULL,'Menu Beef Gyudon ala San Gyu, menggunakan 100% daging sapi US Premium yang sedikit dibakar, memberikan kamu sensasi smokey yang nikmat di porsi menu makan mu. (alat makan diberikan saat request).',23,2),(119,'Teriyaki Gyudon (Beef Rice Bowl)',56000,NULL,'Menu favorit Beef Gyudon Teriyaki ala San Gyu menggunakan 100% daging sapi US Premium & dengan bahan-bahan terbaik.',30,2),(120,'Combo Don (Beef Rice Bowl)',56000,NULL,'Menu Beef Gyudon dengan 2 rasa daging yang berbeda, menggunakan 100% daging sapi US Premium bikin waktu makan mu jadi lebih nikmat & seru (alat makan diberikan saat request).',22,2),(121,'Tori Steak Teriyaki Don (Chicken Rice Bowl)',44000,NULL,'Steak ayam panggang, dipadukan dengan saus Teriyaki Jepang yang autentik.',1,2),(122,'Tori Steak Hickory Smoke Don (Chicken Rice Bowl)',44000,NULL,'Steak ayam panggang dipadukan dengan saus smokey, manis, dan tajam',4,2),(123,'Curry Tori Katsu Don (Chicken Rice Bowl)',46000,NULL,'Ayam katsu dengan saus Kari disajikan dengan nasi khas Jepang',13,2),(124,'Mentai Tori Katsu Don (Chicken Rice Bowl)',38000,NULL,'Ayam katsu dengan saus Mentai yang sedikit dibakar dan tobiko, disajikan dengan nasi khas Jepang',15,2),(125,'Favorite Onigiri Bento A',59900,NULL,'Bento dengan isian tori mayo + campuran Agemono (Egg Chicken Roll, Tori Ball, Shrimp Roll) dengan onigiri yang berbumbu dan salad.',4,2),(126,'Favorite Onigiri Bento B',59900,NULL,'Bento dengan isian tori katsu + campuran Agemono (Egg Chicken Roll, Tori Ball, Shrimp Roll) dengan Onigiri yang berbumbu dan salad.',21,2),(127,'Premium Onigiri Bento A',79000,NULL,'Bento dengan isian Onigiri berbumbu, Gyudon dan Tori mayo pilihanmu. Disajikan dengan salad.',17,2),(128,'Premium Onigiri Bento B',64900,NULL,'Bento dengan isian Onigiri berbumbu, Tori Mayo dan Tori Katsu pilihanmu. Disajikan dengan salad.',21,2),(129,'Agemono A (Value Meal Bento)',35500,NULL,'Perpaduan 2 Egg Roll + 2 Tori Ball disajikan dengan Nasi Jepang dan salad.',8,2),(130,'Agemono B (Value Meal Bento)',35500,NULL,'Perpaduan 2 Shrimp Roll + 2 Tori Ball disajikan nasi Jepang dan salad.',20,2),(131,'Agemono C (Value Meal Bento)',35500,NULL,'Perpaduan 2 Shrimp Roll + 2 Egg Chicken Roll disajikan dengan nasi Jepang dan salad',28,2),(132,'Wai Pad Thai (Kwetiau Goreng Thailand)',45000,NULL,'Kwetiau khas Thailand dengan topping potongan bakso seafood, tauge, dan telur orak arik.',23,2),(133,'Tomyum Khao Pad (Fried Rice/Nasi Goreng)',35000,NULL,'Nasi goreng Tom Yum ala Thai yang segar, asam, dan sedikit pedas. Dengan topping bakso seafood dan telur mata sapi. Level kepedasan: 1',9,2),(134,'Tomyum Gai Grob (Crispy Chicken Rice Bowl)',42000,NULL,'Popcorn chicken dengan saus andalan dari Thailand, ledakan kesegaran pedas dan asam yang aromatik dari cabai, jahe, asam, dan tomat.',30,2),(135,'Green Curry Gai Grob (Crispy Chicken Rice Bowl)',42000,NULL,'Popcorn chicken dengan saus kari khas thailand yang gurih dan creamy. Bisa pilih nasi favorite mu!',24,2),(136,'Thai Sweet & Sour Gai Grob (Crispy Chicken Rice Bowl)',42000,NULL,'Popcorn Chicken dengan saus asam manis khas Thailand. Level kepedasan: 1. Bisa pilih nasi favorite mu!',0,2),(137,'Pop Bowl',22000,NULL,'Rice bowl ayam goreng dengan saus yang bisa kamu pilih, dilengkapi telur orak arik',20,2),(138,'Nasi Kulit Renyah Idolaku',19400,NULL,'Nasi kulit renyah, se-renyah jokes Bapack2. Kulit yang gurih dipadu dengan telur orak-arik dan sambal khas Indonesia. Makin komplit dengan taburan serundeng!',25,2),(139,'Mini Lukchin Gai (Bakso Ayam Tanpa Nasi)',20000,NULL,'3 Pcs Chicken Meatballs yang lembut dan gurih',14,2),(140,'Extra Japanese Spicy Nori Rice',15000,NULL,'Nasi Jepang lembut yang dibumbui dengan rumput laut, wijen dan bubuk cabai.',19,2),(141,'Extra Japanese Nori Rice',14000,NULL,'Nasi yang dibumbui dengan rumput laut dan wijen.',18,2),(142,'Extra Nasi Wangi',9900,NULL,'Nasi wangi bumbu spesial Koplo. Wangi-wangi pedes-pedes gimana gitu. Pokoknya manteubh!',15,2),(143,'Plain Biryani Bowl',39900,NULL,'Nasi Basmati dimasak pake rempah spesial khas India',12,2),(144,'White Rice',6000,NULL,'Extra porsi nasi putih',23,2),(145,'Basmati Rice',18000,NULL,'Extra porsi nasi basmati, nasi khas India',21,2),(146,'Butter Naan',17900,NULL,'Roti panggang khas India yang dioles mentega spesial.',16,2),(147,'Papadum (Kerupuk India)',10000,NULL,'Kerupuk ala India yang gurih. Hati-hati bikin nagih!',25,2),(148,'Mint Chutney',5000,NULL,'Saus nikmat khas India. Campuran cilantro, mint, dan rempah spesial yang membuat makananmu makin enak!',21,2),(149,'Yoghurt Sauce',5000,NULL,'Saus kombinasi yogurt dan rempah spesial yang cocok bikin makanan makin enak!',1,2),(150,'Teman Makan',15000,NULL,'Pink Lemonade Tea',24,2),(151,'Korean Strawberry Milk',15000,NULL,'Es susu strawberry ala Korea yang fruity dan creamy. Cocok untuk penyuka minuman manis',7,2),(152,'Premium Series',15000,NULL,'Tulis di note Custom Message. Template : Dari : [X] Pada : [X] Pesan : [max. 50 karakter]',15,2),(153,'Es Kopi Susu Gula Aren',17500,NULL,'Perpaduan kopi espresso dengan susu creamy dan gula aren premium yang kaya akan rasa',11,2),(154,'Blonde Creamy Latte',15000,NULL,'Minuman non-Coffee unik khas Dari Pada, campuran susu creamy dan gula aren premium yang kaya akan rasa',22,2),(155,'Butter Chicken Naan Combo + Chicken Tikka Masala Naan Combo',73710,NULL,'Menu bundle naan combo paling favorit dari ACCHA, Butter Chicken + Chicken Tikka Masala Naan Combo',11,3),(156,'Aburi Gyudon + Favorite Onigiri Bento A',88560,NULL,'Special untuk kamu! Harga spesial untuk menu Aburi Gyudon + Favorite Onigiri Bento A favoritmu',3,3),(157,'2 Pcs Accha Fried Chicken Rice Set + Yoghurt Sauce',49900,NULL,'Diskon Spesial 4 tahun Accha dengan Accha4You! Nikmati Menu 2 Pcs Accha Fried Chicken Rice Set + Yoghurt Sauce',4,3),(158,'Favorite Onigiri Bento A + Favorite Onigiri Bento B',99000,NULL,'Hanya untuk kamu! Harga spesial untuk menu combo Favorite Onigiri Bento A + Favorite Onigiri Bento B!',26,3),(159,'2 Ayam Goreng Penyet (Korek Jontor + Kecombrang)',45000,NULL,'Hanya untuk kamu! Harga spesial untuk menu 2 Ayam Goreng Penyet (Korek Jontor + Kecombrang) favoritmu!',16,3),(160,'2 Ayam Goreng Penyet Korek Jontor FREE 2 Es Teh Manis',57000,NULL,'Hanya untuk kamu! Harga spesial untuk menu 2 Ayam Goreng Penyet Korek Jontor FREE 2 Es Teh Manis favoritmu!',13,3),(161,'2 Pcs Moon Fried Chicken Jumeokbap Rice Set',50000,NULL,'Hanya untuk kamu! Harga spesial untuk menu 2 Pcs Moon Fried Chicken Jumeokbap Rice Set favoritmu!',30,3),(162,'5 Pcs Korean Chicken Wings + Honey Mustard Sauce',46800,NULL,'Hanya untuk kamu! Harga spesial untuk menu 5 Pcs Korean Chicken Wings + Honey Mustard Sauce favoritmu!',28,3),(163,'Tom Yum Fried Rice + Wai Thai Tea',44000,NULL,'Hanya untuk kamu! Harga spesial untuk menu Tom Yum Fried Rice + Wai Thai Tea favoritmu!',13,3),(164,'2 Pcs Fried Chicken Hot Nashville Rice Set FREE Cheese Cheddar',52000,NULL,'Hanya untuk kamu! Harga spesial untuk menu 2 Pcs Fried Chicken Hot Nashville Rice Set FREE Cheese Cheddar favoritmu!',7,3),(165,'Chicken Biryani Bowl + Papadum',44000,NULL,'Diskon Spesial 4 tahun Accha dengan Accha4You! Nikmati Menu Chicken Biryani Bowl + Papadum',27,3),(166,'Aburi Gyudon + Teriyaki Gyudon Regular',79900,NULL,'Khusus hari ini! promo menu best seller Aburi Gyudon & Teriyaki Gyudon nikmat HEMAT cuma di San Gyu',19,3),(167,'2 pcs Fried Chicken Hot Nashville Rice Set',52000,NULL,'Ayam goreng dengan saus Nashville yang pedasnya smokey dari cayenne pepper yang bikin kamu ketagihan. Dilengkapi dengan nasi putih',10,3),(168,'5 pcs Chicken Wings Hot Nashville A La Carte',50000,NULL,'Sayap ayam goreng dengan saus Nashville yang pedasnya smokey dari cayenne pepper yang bikin ketagihan! Cocok untuk snack time!',27,3),(169,'2 pcs Fried Chicken Fire Mala Rice Set',52000,NULL,'Ayam goreng dengan saus Mala yang pedasnya mengigit dan aromatik. Dilengkapi dengan nasi putih',3,3),(170,'5 pcs Chicken Wings Fire Mala A La Carte',50000,NULL,'Sayap ayam goreng dengan saus Mala yang pedasnya mengigit dan aromatik. Cocok untuk snack time!',18,3),(171,'Chicken Kofta Biryani Rice Bowl (Contain: Bakso Ayam, Nasi Biryani)',44900,NULL,'Nasi Basmati yang dimasak pake rempah citarasa tinggi khas India dan Chicken Kofta (Bakso Ayam khas India) yang gurihnya bikin Bu Sisca Soewitomo pengen nyobain juga!',29,3),(172,'Chicken Biryani Rice Bowl (Contain: Ayam Kari, Nasi Biryani)',47900,NULL,'Nasi Basmati dimasak pake rempah spesial khas India, dan potongan daging ayam yang dimarinasi sampe kamu lupa kalo kamu di Indonesia, bukan di India. Makin enak pake saus Yogurt.',1,3),(173,'2 Pcs Accha Fried Chicken Biryani Rice Set',69900,NULL,'Perpaduan paling yahud dari nasi biryani dan ayam goreng juicy dengan saus rempah yang gurih dan aromatik khas ACCHA.',9,3),(174,'1 Pc Accha Fried Chicken Rice Set',35900,NULL,'Potongan ayam goreng juicy dengan saus rempah yang gurih dan aromatik khas ACCHA ditambah dengan nasi putih hangat.',30,3),(175,'5 Pcs Accha Chicken Wings Rice Set',59400,NULL,'Chicken Wings juicy dengan saus rempah yang gurih dan aromatik khas ACCHA, dihidangkan dengan nasi hangat.',16,3),(176,'3 Pcs Accha Chicken Wings Biryani Rice Set',53000,NULL,'Perpaduan paling yahud dari nasi biryani dan Chicken Wings juicy dengan saus rempah gurih dan aromatik khas ACCHA.',18,3),(177,'Butter Chicken + Naan (Contain: Ayam Tikka)',45900,NULL,'Smooth like butter~ (Halo BTS, gak mau collab??) Potongan ayam panggang dicampur kuah kari tomat spesial & saus butter yang creamy abis! Disajikan sama roti naan khas India.',28,3),(178,'Chicken Tikka Masala + Naan (Contain: Ayam Tikka)',45900,NULL,'Buat pecinta pedes, tanpa takut kena masala(h) perut! Potongan ayam dipanggang gaya tikka pake saus rahasia, ditambah kuah kari rempah spesial. Disajikan sama roti naan khas India.',2,3),(179,'Butter Chicken Big Bowl (Contain: Ayam Tikka)',69900,NULL,'Potongan ayam yang juicy dimasak sama bumbu kari tomat dan butter yang creamy dan smooth abisss~ cocok buat dimakan berdua! Cocok buat dimakan ramean!',14,3),(180,'Chicken Tikka Masala Big Bowl (Contain: Ayam Tikka)',69900,NULL,'Potongan ayam dimarinasi dan dipanggang gaya tikka dalam kuah kari yang spesial dari ACCHA! Cocok buat dimakan berdua! Cocok buat dimakan ramean!',16,3),(181,'2 Pcs Moon Fried Chicken Ala Carte',44000,NULL,'Pilih 1 rasa',8,3),(182,'6 Pcs Moon Fried Chicken Ala Carte',126000,NULL,'6 Pcs Moon Fried Chicken. Pilih 2 rasa',21,3),(183,'1 Pc Moon Fried Chicken Rice Set',34000,NULL,'1 Pc Moon Fried Chicken + Nasi. Pilih 1 rasa',12,3),(184,'2 Pcs Moon Fried Chicken Rice Set',51000,NULL,'2 Pcs Moon Fried Chicken + Nasi. Pilih 1 rasa',29,3),(185,'5 Pcs Korean Chicken Wings',47000,NULL,'5 Pcs Korean Chicken Wings. Pilih 1 rasa',21,3),(186,'20 Pcs Korean Chicken Wings',170000,NULL,'Pilih 4 rasa',21,3),(187,'10 Pcs Korean Chicken Wings Rice Set',93000,NULL,'10 Pcs Korean Chicken Wings + Nasi. Pilih 2 rasa',24,3),(188,'Meteor Chicken Rice',46500,NULL,'Popcorn Chicken (boneless) + Nasi + Telur Mata Sapi + Extra Mayo. Pilih 1 rasa',5,3),(189,'XL Meteor Chicken (Chicken Only, 2x Portion)',68500,NULL,'2x porsi Popcorn Chicken (boneless) + Extra Mayo. Pilih 1 rasa',29,3),(190,'Moon Mandu (Moon Snack)',30000,NULL,'5pcs Mandu goreng Korea isi ayam dan sayur cincang.',18,3),(191,'Korean Chicken Skin (Moon Snack)',30000,NULL,'Kulit ayam garing dengan Flavors of the Galaxy. Pilih 1 rasa',29,3),(192,'Ayam Geprek Nasi Wangi Sambal Original',28900,NULL,'Nasi Wangi TerENAK Sejagat Raya (agak pedes ya). Makannya pake Ayam Koplo Sambel Original dicampur sama Telur Orak-Arik, Serundeng, dan Kremesan (alat makan hanya disediakan berdasarkan permintaan)',16,3),(193,'Ayam Geprek Nasi Wangi Sambal Matah',28900,NULL,'Nasi Wangi Paling JUARA (agak pedes ya). Pake Ayam Koplo Sambel Matah Campuran Tiga Diva Bawang, Cabe, dan Daun Jeruk (alat makan hanya disediakan berdasarkan permintaan)',6,3),(194,'Ayam Geprek Sambal Ori. Mozza',34400,NULL,'Paket Nasi + Ayam Khas Ayam Koplo Pake Keju Mozza Meler-Meler Enak Suer! (alat makan hanya disediakan berdasarkan permintaan)',1,3),(195,'Aburi Gyudon (Beef Rice Bowl)',52000,NULL,'Menu Beef Gyudon ala San Gyu, menggunakan 100% daging sapi US Premium yang sedikit dibakar, memberikan kamu sensasi smokey yang nikmat di porsi menu makan mu. (alat makan diberikan saat request).',20,3),(196,'Teriyaki Gyudon (Beef Rice Bowl)',56000,NULL,'Menu favorit Beef Gyudon Teriyaki ala San Gyu menggunakan 100% daging sapi US Premium & dengan bahan-bahan terbaik.',1,3),(197,'Combo Don (Beef Rice Bowl)',56000,NULL,'Menu Beef Gyudon dengan 2 rasa daging yang berbeda, menggunakan 100% daging sapi US Premium bikin waktu makan mu jadi lebih nikmat & seru (alat makan diberikan saat request).',9,3),(198,'Tori Steak Teriyaki Don (Chicken Rice Bowl)',44000,NULL,'Steak ayam panggang, dipadukan dengan saus Teriyaki Jepang yang autentik.',21,3),(199,'Tori Steak Hickory Smoke Don (Chicken Rice Bowl)',44000,NULL,'Steak ayam panggang dipadukan dengan saus smokey, manis, dan tajam',16,3),(200,'Curry Tori Katsu Don (Chicken Rice Bowl)',46000,NULL,'Ayam katsu dengan saus Kari disajikan dengan nasi khas Jepang',8,3),(201,'Mentai Tori Katsu Don (Chicken Rice Bowl)',38000,NULL,'Ayam katsu dengan saus Mentai yang sedikit dibakar dan tobiko, disajikan dengan nasi khas Jepang',30,3),(202,'Favorite Onigiri Bento A',59900,NULL,'Bento dengan isian tori mayo + campuran Agemono (Egg Chicken Roll, Tori Ball, Shrimp Roll) dengan onigiri yang berbumbu dan salad.',18,3),(203,'Favorite Onigiri Bento B',59900,NULL,'Bento dengan isian tori katsu + campuran Agemono (Egg Chicken Roll, Tori Ball, Shrimp Roll) dengan Onigiri yang berbumbu dan salad.',8,3),(204,'Premium Onigiri Bento A',79000,NULL,'Bento dengan isian Onigiri berbumbu, Gyudon dan Tori mayo pilihanmu. Disajikan dengan salad.',5,3),(205,'Premium Onigiri Bento B',64900,NULL,'Bento dengan isian Onigiri berbumbu, Tori Mayo dan Tori Katsu pilihanmu. Disajikan dengan salad.',10,3),(206,'Agemono A (Value Meal Bento)',35500,NULL,'Perpaduan 2 Egg Roll + 2 Tori Ball disajikan dengan Nasi Jepang dan salad.',26,3),(207,'Agemono B (Value Meal Bento)',35500,NULL,'Perpaduan 2 Shrimp Roll + 2 Tori Ball disajikan nasi Jepang dan salad.',20,3),(208,'Agemono C (Value Meal Bento)',35500,NULL,'Perpaduan 2 Shrimp Roll + 2 Egg Chicken Roll disajikan dengan nasi Jepang dan salad',30,3),(209,'Wai Pad Thai (Kwetiau Goreng Thailand)',45000,NULL,'Kwetiau khas Thailand dengan topping potongan bakso seafood, tauge, dan telur orak arik.',15,3),(210,'Tomyum Khao Pad (Fried Rice/Nasi Goreng)',35000,NULL,'Nasi goreng Tom Yum ala Thai yang segar, asam, dan sedikit pedas. Dengan topping bakso seafood dan telur mata sapi. Level kepedasan: 1',24,3),(211,'Tomyum Gai Grob (Crispy Chicken Rice Bowl)',42000,NULL,'Popcorn chicken dengan saus andalan dari Thailand, ledakan kesegaran pedas dan asam yang aromatik dari cabai, jahe, asam, dan tomat.',7,3),(212,'Green Curry Gai Grob (Crispy Chicken Rice Bowl)',42000,NULL,'Popcorn chicken dengan saus kari khas thailand yang gurih dan creamy. Bisa pilih nasi favorite mu!',16,3),(213,'Thai Sweet & Sour Gai Grob (Crispy Chicken Rice Bowl)',42000,NULL,'Popcorn Chicken dengan saus asam manis khas Thailand. Level kepedasan: 1. Bisa pilih nasi favorite mu!',6,3),(214,'Pop Bowl',22000,NULL,'Rice bowl ayam goreng dengan saus yang bisa kamu pilih, dilengkapi telur orak arik',22,3),(215,'Nasi Kulit Renyah Idolaku',19400,NULL,'Nasi kulit renyah, se-renyah jokes Bapack2. Kulit yang gurih dipadu dengan telur orak-arik dan sambal khas Indonesia. Makin komplit dengan taburan serundeng!',20,3),(216,'Mini Lukchin Gai (Bakso Ayam Tanpa Nasi)',20000,NULL,'3 Pcs Chicken Meatballs yang lembut dan gurih',15,3),(217,'Extra Japanese Spicy Nori Rice',15000,NULL,'Nasi Jepang lembut yang dibumbui dengan rumput laut, wijen dan bubuk cabai.',19,3),(218,'Extra Japanese Nori Rice',14000,NULL,'Nasi yang dibumbui dengan rumput laut dan wijen.',19,3),(219,'Extra Nasi Wangi',9900,NULL,'Nasi wangi bumbu spesial Koplo. Wangi-wangi pedes-pedes gimana gitu. Pokoknya manteubh!',24,3),(220,'Plain Biryani Bowl',39900,NULL,'Nasi Basmati dimasak pake rempah spesial khas India',28,3),(221,'White Rice',6000,NULL,'Extra porsi nasi putih',15,3),(222,'Basmati Rice',18000,NULL,'Extra porsi nasi basmati, nasi khas India',11,3),(223,'Butter Naan',17900,NULL,'Roti panggang khas India yang dioles mentega spesial.',8,3),(224,'Papadum (Kerupuk India)',10000,NULL,'Kerupuk ala India yang gurih. Hati-hati bikin nagih!',15,3),(225,'Mint Chutney',5000,NULL,'Saus nikmat khas India. Campuran cilantro, mint, dan rempah spesial yang membuat makananmu makin enak!',22,3),(226,'Yoghurt Sauce',5000,NULL,'Saus kombinasi yogurt dan rempah spesial yang cocok bikin makanan makin enak!',13,3),(227,'Teman Makan',15000,NULL,'Pink Lemonade Tea',26,3),(228,'Korean Strawberry Milk',15000,NULL,'Es susu strawberry ala Korea yang fruity dan creamy. Cocok untuk penyuka minuman manis',26,3),(229,'Premium Series',15000,NULL,'Tulis di note Custom Message. Template : Dari : [X] Pada : [X] Pesan : [max. 50 karakter]',5,3),(230,'Es Kopi Susu Gula Aren',17500,NULL,'Perpaduan kopi espresso dengan susu creamy dan gula aren premium yang kaya akan rasa',29,3),(231,'Blonde Creamy Latte',15000,NULL,'Minuman non-Coffee unik khas Dari Pada, campuran susu creamy dan gula aren premium yang kaya akan rasa',3,3),(232,'Butter Chicken Naan Combo + Chicken Tikka Masala Naan Combo',73710,NULL,'Menu bundle naan combo paling favorit dari ACCHA, Butter Chicken + Chicken Tikka Masala Naan Combo',10,4),(233,'Aburi Gyudon + Favorite Onigiri Bento A',88560,NULL,'Special untuk kamu! Harga spesial untuk menu Aburi Gyudon + Favorite Onigiri Bento A favoritmu',26,4),(234,'2 Pcs Accha Fried Chicken Rice Set + Yoghurt Sauce',49900,NULL,'Diskon Spesial 4 tahun Accha dengan Accha4You! Nikmati Menu 2 Pcs Accha Fried Chicken Rice Set + Yoghurt Sauce',17,4),(235,'Favorite Onigiri Bento A + Favorite Onigiri Bento B',99000,NULL,'Hanya untuk kamu! Harga spesial untuk menu combo Favorite Onigiri Bento A + Favorite Onigiri Bento B!',10,4),(236,'2 Ayam Goreng Penyet (Korek Jontor + Kecombrang)',45000,NULL,'Hanya untuk kamu! Harga spesial untuk menu 2 Ayam Goreng Penyet (Korek Jontor + Kecombrang) favoritmu!',15,4),(237,'2 Ayam Goreng Penyet Korek Jontor FREE 2 Es Teh Manis',57000,NULL,'Hanya untuk kamu! Harga spesial untuk menu 2 Ayam Goreng Penyet Korek Jontor FREE 2 Es Teh Manis favoritmu!',8,4),(238,'2 Pcs Moon Fried Chicken Jumeokbap Rice Set',50000,NULL,'Hanya untuk kamu! Harga spesial untuk menu 2 Pcs Moon Fried Chicken Jumeokbap Rice Set favoritmu!',7,4),(239,'5 Pcs Korean Chicken Wings + Honey Mustard Sauce',46800,NULL,'Hanya untuk kamu! Harga spesial untuk menu 5 Pcs Korean Chicken Wings + Honey Mustard Sauce favoritmu!',24,4),(240,'Tom Yum Fried Rice + Wai Thai Tea',44000,NULL,'Hanya untuk kamu! Harga spesial untuk menu Tom Yum Fried Rice + Wai Thai Tea favoritmu!',7,4),(241,'2 Pcs Fried Chicken Hot Nashville Rice Set FREE Cheese Cheddar',52000,NULL,'Hanya untuk kamu! Harga spesial untuk menu 2 Pcs Fried Chicken Hot Nashville Rice Set FREE Cheese Cheddar favoritmu!',20,4),(242,'Chicken Biryani Bowl + Papadum',44000,NULL,'Diskon Spesial 4 tahun Accha dengan Accha4You! Nikmati Menu Chicken Biryani Bowl + Papadum',12,4),(243,'Aburi Gyudon + Teriyaki Gyudon Regular',79900,NULL,'Khusus hari ini! promo menu best seller Aburi Gyudon & Teriyaki Gyudon nikmat HEMAT cuma di San Gyu',7,4),(244,'2 pcs Fried Chicken Hot Nashville Rice Set',52000,NULL,'Ayam goreng dengan saus Nashville yang pedasnya smokey dari cayenne pepper yang bikin kamu ketagihan. Dilengkapi dengan nasi putih',0,4),(245,'5 pcs Chicken Wings Hot Nashville A La Carte',50000,NULL,'Sayap ayam goreng dengan saus Nashville yang pedasnya smokey dari cayenne pepper yang bikin ketagihan! Cocok untuk snack time!',12,4),(246,'2 pcs Fried Chicken Fire Mala Rice Set',52000,NULL,'Ayam goreng dengan saus Mala yang pedasnya mengigit dan aromatik. Dilengkapi dengan nasi putih',10,4),(247,'5 pcs Chicken Wings Fire Mala A La Carte',50000,NULL,'Sayap ayam goreng dengan saus Mala yang pedasnya mengigit dan aromatik. Cocok untuk snack time!',18,4),(248,'Chicken Kofta Biryani Rice Bowl (Contain: Bakso Ayam, Nasi Biryani)',44900,NULL,'Nasi Basmati yang dimasak pake rempah citarasa tinggi khas India dan Chicken Kofta (Bakso Ayam khas India) yang gurihnya bikin Bu Sisca Soewitomo pengen nyobain juga!',19,4),(249,'Chicken Biryani Rice Bowl (Contain: Ayam Kari, Nasi Biryani)',47900,NULL,'Nasi Basmati dimasak pake rempah spesial khas India, dan potongan daging ayam yang dimarinasi sampe kamu lupa kalo kamu di Indonesia, bukan di India. Makin enak pake saus Yogurt.',21,4),(250,'2 Pcs Accha Fried Chicken Biryani Rice Set',69900,NULL,'Perpaduan paling yahud dari nasi biryani dan ayam goreng juicy dengan saus rempah yang gurih dan aromatik khas ACCHA.',0,4),(251,'1 Pc Accha Fried Chicken Rice Set',35900,NULL,'Potongan ayam goreng juicy dengan saus rempah yang gurih dan aromatik khas ACCHA ditambah dengan nasi putih hangat.',22,4),(252,'5 Pcs Accha Chicken Wings Rice Set',59400,NULL,'Chicken Wings juicy dengan saus rempah yang gurih dan aromatik khas ACCHA, dihidangkan dengan nasi hangat.',13,4),(253,'3 Pcs Accha Chicken Wings Biryani Rice Set',53000,NULL,'Perpaduan paling yahud dari nasi biryani dan Chicken Wings juicy dengan saus rempah gurih dan aromatik khas ACCHA.',28,4),(254,'Butter Chicken + Naan (Contain: Ayam Tikka)',45900,NULL,'Smooth like butter~ (Halo BTS, gak mau collab??) Potongan ayam panggang dicampur kuah kari tomat spesial & saus butter yang creamy abis! Disajikan sama roti naan khas India.',1,4),(255,'Chicken Tikka Masala + Naan (Contain: Ayam Tikka)',45900,NULL,'Buat pecinta pedes, tanpa takut kena masala(h) perut! Potongan ayam dipanggang gaya tikka pake saus rahasia, ditambah kuah kari rempah spesial. Disajikan sama roti naan khas India.',19,4),(256,'Butter Chicken Big Bowl (Contain: Ayam Tikka)',69900,NULL,'Potongan ayam yang juicy dimasak sama bumbu kari tomat dan butter yang creamy dan smooth abisss~ cocok buat dimakan berdua! Cocok buat dimakan ramean!',21,4),(257,'Chicken Tikka Masala Big Bowl (Contain: Ayam Tikka)',69900,NULL,'Potongan ayam dimarinasi dan dipanggang gaya tikka dalam kuah kari yang spesial dari ACCHA! Cocok buat dimakan berdua! Cocok buat dimakan ramean!',0,4),(258,'2 Pcs Moon Fried Chicken Ala Carte',44000,NULL,'Pilih 1 rasa',23,4),(259,'6 Pcs Moon Fried Chicken Ala Carte',126000,NULL,'6 Pcs Moon Fried Chicken. Pilih 2 rasa',23,4),(260,'1 Pc Moon Fried Chicken Rice Set',34000,NULL,'1 Pc Moon Fried Chicken + Nasi. Pilih 1 rasa',14,4),(261,'2 Pcs Moon Fried Chicken Rice Set',51000,NULL,'2 Pcs Moon Fried Chicken + Nasi. Pilih 1 rasa',13,4),(262,'5 Pcs Korean Chicken Wings',47000,NULL,'5 Pcs Korean Chicken Wings. Pilih 1 rasa',14,4),(263,'20 Pcs Korean Chicken Wings',170000,NULL,'Pilih 4 rasa',26,4),(264,'10 Pcs Korean Chicken Wings Rice Set',93000,NULL,'10 Pcs Korean Chicken Wings + Nasi. Pilih 2 rasa',16,4),(265,'Meteor Chicken Rice',46500,NULL,'Popcorn Chicken (boneless) + Nasi + Telur Mata Sapi + Extra Mayo. Pilih 1 rasa',4,4),(266,'XL Meteor Chicken (Chicken Only, 2x Portion)',68500,NULL,'2x porsi Popcorn Chicken (boneless) + Extra Mayo. Pilih 1 rasa',11,4),(267,'Moon Mandu (Moon Snack)',30000,NULL,'5pcs Mandu goreng Korea isi ayam dan sayur cincang.',22,4),(268,'Korean Chicken Skin (Moon Snack)',30000,NULL,'Kulit ayam garing dengan Flavors of the Galaxy. Pilih 1 rasa',4,4),(269,'Ayam Geprek Nasi Wangi Sambal Original',28900,NULL,'Nasi Wangi TerENAK Sejagat Raya (agak pedes ya). Makannya pake Ayam Koplo Sambel Original dicampur sama Telur Orak-Arik, Serundeng, dan Kremesan (alat makan hanya disediakan berdasarkan permintaan)',5,4),(270,'Ayam Geprek Nasi Wangi Sambal Matah',28900,NULL,'Nasi Wangi Paling JUARA (agak pedes ya). Pake Ayam Koplo Sambel Matah Campuran Tiga Diva Bawang, Cabe, dan Daun Jeruk (alat makan hanya disediakan berdasarkan permintaan)',27,4),(271,'Ayam Geprek Sambal Ori. Mozza',34400,NULL,'Paket Nasi + Ayam Khas Ayam Koplo Pake Keju Mozza Meler-Meler Enak Suer! (alat makan hanya disediakan berdasarkan permintaan)',29,4),(272,'Aburi Gyudon (Beef Rice Bowl)',52000,NULL,'Menu Beef Gyudon ala San Gyu, menggunakan 100% daging sapi US Premium yang sedikit dibakar, memberikan kamu sensasi smokey yang nikmat di porsi menu makan mu. (alat makan diberikan saat request).',29,4),(273,'Teriyaki Gyudon (Beef Rice Bowl)',56000,NULL,'Menu favorit Beef Gyudon Teriyaki ala San Gyu menggunakan 100% daging sapi US Premium & dengan bahan-bahan terbaik.',30,4),(274,'Combo Don (Beef Rice Bowl)',56000,NULL,'Menu Beef Gyudon dengan 2 rasa daging yang berbeda, menggunakan 100% daging sapi US Premium bikin waktu makan mu jadi lebih nikmat & seru (alat makan diberikan saat request).',5,4),(275,'Tori Steak Teriyaki Don (Chicken Rice Bowl)',44000,NULL,'Steak ayam panggang, dipadukan dengan saus Teriyaki Jepang yang autentik.',17,4),(276,'Tori Steak Hickory Smoke Don (Chicken Rice Bowl)',44000,NULL,'Steak ayam panggang dipadukan dengan saus smokey, manis, dan tajam',12,4),(277,'Curry Tori Katsu Don (Chicken Rice Bowl)',46000,NULL,'Ayam katsu dengan saus Kari disajikan dengan nasi khas Jepang',10,4),(278,'Mentai Tori Katsu Don (Chicken Rice Bowl)',38000,NULL,'Ayam katsu dengan saus Mentai yang sedikit dibakar dan tobiko, disajikan dengan nasi khas Jepang',0,4),(279,'Favorite Onigiri Bento A',59900,NULL,'Bento dengan isian tori mayo + campuran Agemono (Egg Chicken Roll, Tori Ball, Shrimp Roll) dengan onigiri yang berbumbu dan salad.',30,4),(280,'Favorite Onigiri Bento B',59900,NULL,'Bento dengan isian tori katsu + campuran Agemono (Egg Chicken Roll, Tori Ball, Shrimp Roll) dengan Onigiri yang berbumbu dan salad.',9,4),(281,'Premium Onigiri Bento A',79000,NULL,'Bento dengan isian Onigiri berbumbu, Gyudon dan Tori mayo pilihanmu. Disajikan dengan salad.',13,4),(282,'Premium Onigiri Bento B',64900,NULL,'Bento dengan isian Onigiri berbumbu, Tori Mayo dan Tori Katsu pilihanmu. Disajikan dengan salad.',7,4),(283,'Agemono A (Value Meal Bento)',35500,NULL,'Perpaduan 2 Egg Roll + 2 Tori Ball disajikan dengan Nasi Jepang dan salad.',3,4),(284,'Agemono B (Value Meal Bento)',35500,NULL,'Perpaduan 2 Shrimp Roll + 2 Tori Ball disajikan nasi Jepang dan salad.',15,4),(285,'Agemono C (Value Meal Bento)',35500,NULL,'Perpaduan 2 Shrimp Roll + 2 Egg Chicken Roll disajikan dengan nasi Jepang dan salad',16,4),(286,'Wai Pad Thai (Kwetiau Goreng Thailand)',45000,NULL,'Kwetiau khas Thailand dengan topping potongan bakso seafood, tauge, dan telur orak arik.',30,4),(287,'Tomyum Khao Pad (Fried Rice/Nasi Goreng)',35000,NULL,'Nasi goreng Tom Yum ala Thai yang segar, asam, dan sedikit pedas. Dengan topping bakso seafood dan telur mata sapi. Level kepedasan: 1',6,4),(288,'Tomyum Gai Grob (Crispy Chicken Rice Bowl)',42000,NULL,'Popcorn chicken dengan saus andalan dari Thailand, ledakan kesegaran pedas dan asam yang aromatik dari cabai, jahe, asam, dan tomat.',13,4),(289,'Green Curry Gai Grob (Crispy Chicken Rice Bowl)',42000,NULL,'Popcorn chicken dengan saus kari khas thailand yang gurih dan creamy. Bisa pilih nasi favorite mu!',27,4),(290,'Thai Sweet & Sour Gai Grob (Crispy Chicken Rice Bowl)',42000,NULL,'Popcorn Chicken dengan saus asam manis khas Thailand. Level kepedasan: 1. Bisa pilih nasi favorite mu!',6,4),(291,'Pop Bowl',22000,NULL,'Rice bowl ayam goreng dengan saus yang bisa kamu pilih, dilengkapi telur orak arik',11,4),(292,'Nasi Kulit Renyah Idolaku',19400,NULL,'Nasi kulit renyah, se-renyah jokes Bapack2. Kulit yang gurih dipadu dengan telur orak-arik dan sambal khas Indonesia. Makin komplit dengan taburan serundeng!',8,4),(293,'Mini Lukchin Gai (Bakso Ayam Tanpa Nasi)',20000,NULL,'3 Pcs Chicken Meatballs yang lembut dan gurih',28,4),(294,'Extra Japanese Spicy Nori Rice',15000,NULL,'Nasi Jepang lembut yang dibumbui dengan rumput laut, wijen dan bubuk cabai.',20,4),(295,'Extra Japanese Nori Rice',14000,NULL,'Nasi yang dibumbui dengan rumput laut dan wijen.',8,4),(296,'Extra Nasi Wangi',9900,NULL,'Nasi wangi bumbu spesial Koplo. Wangi-wangi pedes-pedes gimana gitu. Pokoknya manteubh!',28,4),(297,'Plain Biryani Bowl',39900,NULL,'Nasi Basmati dimasak pake rempah spesial khas India',27,4),(298,'White Rice',6000,NULL,'Extra porsi nasi putih',16,4),(299,'Basmati Rice',18000,NULL,'Extra porsi nasi basmati, nasi khas India',4,4),(300,'Butter Naan',17900,NULL,'Roti panggang khas India yang dioles mentega spesial.',16,4),(301,'Papadum (Kerupuk India)',10000,NULL,'Kerupuk ala India yang gurih. Hati-hati bikin nagih!',24,4),(302,'Mint Chutney',5000,NULL,'Saus nikmat khas India. Campuran cilantro, mint, dan rempah spesial yang membuat makananmu makin enak!',12,4),(303,'Yoghurt Sauce',5000,NULL,'Saus kombinasi yogurt dan rempah spesial yang cocok bikin makanan makin enak!',18,4),(304,'Teman Makan',15000,NULL,'Pink Lemonade Tea',5,4),(305,'Korean Strawberry Milk',15000,NULL,'Es susu strawberry ala Korea yang fruity dan creamy. Cocok untuk penyuka minuman manis',21,4),(306,'Premium Series',15000,NULL,'Tulis di note Custom Message. Template : Dari : [X] Pada : [X] Pesan : [max. 50 karakter]',13,4),(307,'Es Kopi Susu Gula Aren',17500,NULL,'Perpaduan kopi espresso dengan susu creamy dan gula aren premium yang kaya akan rasa',7,4),(308,'Blonde Creamy Latte',15000,NULL,'Minuman non-Coffee unik khas Dari Pada, campuran susu creamy dan gula aren premium yang kaya akan rasa',10,4),(309,'Butter Chicken Naan Combo + Chicken Tikka Masala Naan Combo',73710,NULL,'Menu bundle naan combo paling favorit dari ACCHA, Butter Chicken + Chicken Tikka Masala Naan Combo',20,5),(310,'Aburi Gyudon + Favorite Onigiri Bento A',88560,NULL,'Special untuk kamu! Harga spesial untuk menu Aburi Gyudon + Favorite Onigiri Bento A favoritmu',27,5),(311,'2 Pcs Accha Fried Chicken Rice Set + Yoghurt Sauce',49900,NULL,'Diskon Spesial 4 tahun Accha dengan Accha4You! Nikmati Menu 2 Pcs Accha Fried Chicken Rice Set + Yoghurt Sauce',22,5),(312,'Favorite Onigiri Bento A + Favorite Onigiri Bento B',99000,NULL,'Hanya untuk kamu! Harga spesial untuk menu combo Favorite Onigiri Bento A + Favorite Onigiri Bento B!',27,5),(313,'2 Ayam Goreng Penyet (Korek Jontor + Kecombrang)',45000,NULL,'Hanya untuk kamu! Harga spesial untuk menu 2 Ayam Goreng Penyet (Korek Jontor + Kecombrang) favoritmu!',21,5),(314,'2 Ayam Goreng Penyet Korek Jontor FREE 2 Es Teh Manis',57000,NULL,'Hanya untuk kamu! Harga spesial untuk menu 2 Ayam Goreng Penyet Korek Jontor FREE 2 Es Teh Manis favoritmu!',28,5),(315,'2 Pcs Moon Fried Chicken Jumeokbap Rice Set',50000,NULL,'Hanya untuk kamu! Harga spesial untuk menu 2 Pcs Moon Fried Chicken Jumeokbap Rice Set favoritmu!',0,5),(316,'5 Pcs Korean Chicken Wings + Honey Mustard Sauce',46800,NULL,'Hanya untuk kamu! Harga spesial untuk menu 5 Pcs Korean Chicken Wings + Honey Mustard Sauce favoritmu!',11,5),(317,'Tom Yum Fried Rice + Wai Thai Tea',44000,NULL,'Hanya untuk kamu! Harga spesial untuk menu Tom Yum Fried Rice + Wai Thai Tea favoritmu!',30,5),(318,'2 Pcs Fried Chicken Hot Nashville Rice Set FREE Cheese Cheddar',52000,NULL,'Hanya untuk kamu! Harga spesial untuk menu 2 Pcs Fried Chicken Hot Nashville Rice Set FREE Cheese Cheddar favoritmu!',20,5),(319,'Chicken Biryani Bowl + Papadum',44000,NULL,'Diskon Spesial 4 tahun Accha dengan Accha4You! Nikmati Menu Chicken Biryani Bowl + Papadum',23,5),(320,'Aburi Gyudon + Teriyaki Gyudon Regular',79900,NULL,'Khusus hari ini! promo menu best seller Aburi Gyudon & Teriyaki Gyudon nikmat HEMAT cuma di San Gyu',4,5),(321,'2 pcs Fried Chicken Hot Nashville Rice Set',52000,NULL,'Ayam goreng dengan saus Nashville yang pedasnya smokey dari cayenne pepper yang bikin kamu ketagihan. Dilengkapi dengan nasi putih',6,5),(322,'5 pcs Chicken Wings Hot Nashville A La Carte',50000,NULL,'Sayap ayam goreng dengan saus Nashville yang pedasnya smokey dari cayenne pepper yang bikin ketagihan! Cocok untuk snack time!',29,5),(323,'2 pcs Fried Chicken Fire Mala Rice Set',52000,NULL,'Ayam goreng dengan saus Mala yang pedasnya mengigit dan aromatik. Dilengkapi dengan nasi putih',17,5),(324,'5 pcs Chicken Wings Fire Mala A La Carte',50000,NULL,'Sayap ayam goreng dengan saus Mala yang pedasnya mengigit dan aromatik. Cocok untuk snack time!',13,5),(325,'Chicken Kofta Biryani Rice Bowl (Contain: Bakso Ayam, Nasi Biryani)',44900,NULL,'Nasi Basmati yang dimasak pake rempah citarasa tinggi khas India dan Chicken Kofta (Bakso Ayam khas India) yang gurihnya bikin Bu Sisca Soewitomo pengen nyobain juga!',11,5),(326,'Chicken Biryani Rice Bowl (Contain: Ayam Kari, Nasi Biryani)',47900,NULL,'Nasi Basmati dimasak pake rempah spesial khas India, dan potongan daging ayam yang dimarinasi sampe kamu lupa kalo kamu di Indonesia, bukan di India. Makin enak pake saus Yogurt.',3,5),(327,'2 Pcs Accha Fried Chicken Biryani Rice Set',69900,NULL,'Perpaduan paling yahud dari nasi biryani dan ayam goreng juicy dengan saus rempah yang gurih dan aromatik khas ACCHA.',19,5),(328,'1 Pc Accha Fried Chicken Rice Set',35900,NULL,'Potongan ayam goreng juicy dengan saus rempah yang gurih dan aromatik khas ACCHA ditambah dengan nasi putih hangat.',4,5),(329,'5 Pcs Accha Chicken Wings Rice Set',59400,NULL,'Chicken Wings juicy dengan saus rempah yang gurih dan aromatik khas ACCHA, dihidangkan dengan nasi hangat.',18,5),(330,'3 Pcs Accha Chicken Wings Biryani Rice Set',53000,NULL,'Perpaduan paling yahud dari nasi biryani dan Chicken Wings juicy dengan saus rempah gurih dan aromatik khas ACCHA.',26,5),(331,'Butter Chicken + Naan (Contain: Ayam Tikka)',45900,NULL,'Smooth like butter~ (Halo BTS, gak mau collab??) Potongan ayam panggang dicampur kuah kari tomat spesial & saus butter yang creamy abis! Disajikan sama roti naan khas India.',30,5),(332,'Chicken Tikka Masala + Naan (Contain: Ayam Tikka)',45900,NULL,'Buat pecinta pedes, tanpa takut kena masala(h) perut! Potongan ayam dipanggang gaya tikka pake saus rahasia, ditambah kuah kari rempah spesial. Disajikan sama roti naan khas India.',6,5),(333,'Butter Chicken Big Bowl (Contain: Ayam Tikka)',69900,NULL,'Potongan ayam yang juicy dimasak sama bumbu kari tomat dan butter yang creamy dan smooth abisss~ cocok buat dimakan berdua! Cocok buat dimakan ramean!',20,5),(334,'Chicken Tikka Masala Big Bowl (Contain: Ayam Tikka)',69900,NULL,'Potongan ayam dimarinasi dan dipanggang gaya tikka dalam kuah kari yang spesial dari ACCHA! Cocok buat dimakan berdua! Cocok buat dimakan ramean!',22,5),(335,'2 Pcs Moon Fried Chicken Ala Carte',44000,NULL,'Pilih 1 rasa',11,5),(336,'6 Pcs Moon Fried Chicken Ala Carte',126000,NULL,'6 Pcs Moon Fried Chicken. Pilih 2 rasa',7,5),(337,'1 Pc Moon Fried Chicken Rice Set',34000,NULL,'1 Pc Moon Fried Chicken + Nasi. Pilih 1 rasa',30,5),(338,'2 Pcs Moon Fried Chicken Rice Set',51000,NULL,'2 Pcs Moon Fried Chicken + Nasi. Pilih 1 rasa',11,5),(339,'5 Pcs Korean Chicken Wings',47000,NULL,'5 Pcs Korean Chicken Wings. Pilih 1 rasa',9,5),(340,'20 Pcs Korean Chicken Wings',170000,NULL,'Pilih 4 rasa',1,5),(341,'10 Pcs Korean Chicken Wings Rice Set',93000,NULL,'10 Pcs Korean Chicken Wings + Nasi. Pilih 2 rasa',5,5),(342,'Meteor Chicken Rice',46500,NULL,'Popcorn Chicken (boneless) + Nasi + Telur Mata Sapi + Extra Mayo. Pilih 1 rasa',10,5),(343,'XL Meteor Chicken (Chicken Only, 2x Portion)',68500,NULL,'2x porsi Popcorn Chicken (boneless) + Extra Mayo. Pilih 1 rasa',23,5),(344,'Moon Mandu (Moon Snack)',30000,NULL,'5pcs Mandu goreng Korea isi ayam dan sayur cincang.',6,5),(345,'Korean Chicken Skin (Moon Snack)',30000,NULL,'Kulit ayam garing dengan Flavors of the Galaxy. Pilih 1 rasa',24,5),(346,'Ayam Geprek Nasi Wangi Sambal Original',28900,NULL,'Nasi Wangi TerENAK Sejagat Raya (agak pedes ya). Makannya pake Ayam Koplo Sambel Original dicampur sama Telur Orak-Arik, Serundeng, dan Kremesan (alat makan hanya disediakan berdasarkan permintaan)',16,5),(347,'Ayam Geprek Nasi Wangi Sambal Matah',28900,NULL,'Nasi Wangi Paling JUARA (agak pedes ya). Pake Ayam Koplo Sambel Matah Campuran Tiga Diva Bawang, Cabe, dan Daun Jeruk (alat makan hanya disediakan berdasarkan permintaan)',5,5),(348,'Ayam Geprek Sambal Ori. Mozza',34400,NULL,'Paket Nasi + Ayam Khas Ayam Koplo Pake Keju Mozza Meler-Meler Enak Suer! (alat makan hanya disediakan berdasarkan permintaan)',10,5),(349,'Aburi Gyudon (Beef Rice Bowl)',52000,NULL,'Menu Beef Gyudon ala San Gyu, menggunakan 100% daging sapi US Premium yang sedikit dibakar, memberikan kamu sensasi smokey yang nikmat di porsi menu makan mu. (alat makan diberikan saat request).',13,5),(350,'Teriyaki Gyudon (Beef Rice Bowl)',56000,NULL,'Menu favorit Beef Gyudon Teriyaki ala San Gyu menggunakan 100% daging sapi US Premium & dengan bahan-bahan terbaik.',29,5),(351,'Combo Don (Beef Rice Bowl)',56000,NULL,'Menu Beef Gyudon dengan 2 rasa daging yang berbeda, menggunakan 100% daging sapi US Premium bikin waktu makan mu jadi lebih nikmat & seru (alat makan diberikan saat request).',20,5),(352,'Tori Steak Teriyaki Don (Chicken Rice Bowl)',44000,NULL,'Steak ayam panggang, dipadukan dengan saus Teriyaki Jepang yang autentik.',5,5),(353,'Tori Steak Hickory Smoke Don (Chicken Rice Bowl)',44000,NULL,'Steak ayam panggang dipadukan dengan saus smokey, manis, dan tajam',13,5),(354,'Curry Tori Katsu Don (Chicken Rice Bowl)',46000,NULL,'Ayam katsu dengan saus Kari disajikan dengan nasi khas Jepang',20,5),(355,'Mentai Tori Katsu Don (Chicken Rice Bowl)',38000,NULL,'Ayam katsu dengan saus Mentai yang sedikit dibakar dan tobiko, disajikan dengan nasi khas Jepang',3,5),(356,'Favorite Onigiri Bento A',59900,NULL,'Bento dengan isian tori mayo + campuran Agemono (Egg Chicken Roll, Tori Ball, Shrimp Roll) dengan onigiri yang berbumbu dan salad.',8,5),(357,'Favorite Onigiri Bento B',59900,NULL,'Bento dengan isian tori katsu + campuran Agemono (Egg Chicken Roll, Tori Ball, Shrimp Roll) dengan Onigiri yang berbumbu dan salad.',5,5),(358,'Premium Onigiri Bento A',79000,NULL,'Bento dengan isian Onigiri berbumbu, Gyudon dan Tori mayo pilihanmu. Disajikan dengan salad.',23,5),(359,'Premium Onigiri Bento B',64900,NULL,'Bento dengan isian Onigiri berbumbu, Tori Mayo dan Tori Katsu pilihanmu. Disajikan dengan salad.',21,5),(360,'Agemono A (Value Meal Bento)',35500,NULL,'Perpaduan 2 Egg Roll + 2 Tori Ball disajikan dengan Nasi Jepang dan salad.',22,5),(361,'Agemono B (Value Meal Bento)',35500,NULL,'Perpaduan 2 Shrimp Roll + 2 Tori Ball disajikan nasi Jepang dan salad.',12,5),(362,'Agemono C (Value Meal Bento)',35500,NULL,'Perpaduan 2 Shrimp Roll + 2 Egg Chicken Roll disajikan dengan nasi Jepang dan salad',24,5),(363,'Wai Pad Thai (Kwetiau Goreng Thailand)',45000,NULL,'Kwetiau khas Thailand dengan topping potongan bakso seafood, tauge, dan telur orak arik.',0,5),(364,'Tomyum Khao Pad (Fried Rice/Nasi Goreng)',35000,NULL,'Nasi goreng Tom Yum ala Thai yang segar, asam, dan sedikit pedas. Dengan topping bakso seafood dan telur mata sapi. Level kepedasan: 1',24,5),(365,'Tomyum Gai Grob (Crispy Chicken Rice Bowl)',42000,NULL,'Popcorn chicken dengan saus andalan dari Thailand, ledakan kesegaran pedas dan asam yang aromatik dari cabai, jahe, asam, dan tomat.',11,5),(366,'Green Curry Gai Grob (Crispy Chicken Rice Bowl)',42000,NULL,'Popcorn chicken dengan saus kari khas thailand yang gurih dan creamy. Bisa pilih nasi favorite mu!',24,5),(367,'Thai Sweet & Sour Gai Grob (Crispy Chicken Rice Bowl)',42000,NULL,'Popcorn Chicken dengan saus asam manis khas Thailand. Level kepedasan: 1. Bisa pilih nasi favorite mu!',26,5),(368,'Pop Bowl',22000,NULL,'Rice bowl ayam goreng dengan saus yang bisa kamu pilih, dilengkapi telur orak arik',13,5),(369,'Nasi Kulit Renyah Idolaku',19400,NULL,'Nasi kulit renyah, se-renyah jokes Bapack2. Kulit yang gurih dipadu dengan telur orak-arik dan sambal khas Indonesia. Makin komplit dengan taburan serundeng!',11,5),(370,'Mini Lukchin Gai (Bakso Ayam Tanpa Nasi)',20000,NULL,'3 Pcs Chicken Meatballs yang lembut dan gurih',9,5),(371,'Extra Japanese Spicy Nori Rice',15000,NULL,'Nasi Jepang lembut yang dibumbui dengan rumput laut, wijen dan bubuk cabai.',10,5),(372,'Extra Japanese Nori Rice',14000,NULL,'Nasi yang dibumbui dengan rumput laut dan wijen.',13,5),(373,'Extra Nasi Wangi',9900,NULL,'Nasi wangi bumbu spesial Koplo. Wangi-wangi pedes-pedes gimana gitu. Pokoknya manteubh!',1,5),(374,'Plain Biryani Bowl',39900,NULL,'Nasi Basmati dimasak pake rempah spesial khas India',10,5),(375,'White Rice',6000,NULL,'Extra porsi nasi putih',0,5),(376,'Basmati Rice',18000,NULL,'Extra porsi nasi basmati, nasi khas India',7,5),(377,'Butter Naan',17900,NULL,'Roti panggang khas India yang dioles mentega spesial.',7,5),(378,'Papadum (Kerupuk India)',10000,NULL,'Kerupuk ala India yang gurih. Hati-hati bikin nagih!',13,5),(379,'Mint Chutney',5000,NULL,'Saus nikmat khas India. Campuran cilantro, mint, dan rempah spesial yang membuat makananmu makin enak!',0,5),(380,'Yoghurt Sauce',5000,NULL,'Saus kombinasi yogurt dan rempah spesial yang cocok bikin makanan makin enak!',4,5),(381,'Teman Makan',15000,NULL,'Pink Lemonade Tea',25,5),(382,'Korean Strawberry Milk',15000,NULL,'Es susu strawberry ala Korea yang fruity dan creamy. Cocok untuk penyuka minuman manis',19,5),(383,'Premium Series',15000,NULL,'Tulis di note Custom Message. Template : Dari : [X] Pada : [X] Pesan : [max. 50 karakter]',1,5),(384,'Es Kopi Susu Gula Aren',17500,NULL,'Perpaduan kopi espresso dengan susu creamy dan gula aren premium yang kaya akan rasa',11,5),(385,'Blonde Creamy Latte',15000,NULL,'Minuman non-Coffee unik khas Dari Pada, campuran susu creamy dan gula aren premium yang kaya akan rasa',4,5),(386,'Butter Chicken Naan Combo + Chicken Tikka Masala Naan Combo',73710,NULL,'Menu bundle naan combo paling favorit dari ACCHA, Butter Chicken + Chicken Tikka Masala Naan Combo',8,6),(387,'Aburi Gyudon + Favorite Onigiri Bento A',88560,NULL,'Special untuk kamu! Harga spesial untuk menu Aburi Gyudon + Favorite Onigiri Bento A favoritmu',24,6),(388,'2 Pcs Accha Fried Chicken Rice Set + Yoghurt Sauce',49900,NULL,'Diskon Spesial 4 tahun Accha dengan Accha4You! Nikmati Menu 2 Pcs Accha Fried Chicken Rice Set + Yoghurt Sauce',0,6),(389,'Favorite Onigiri Bento A + Favorite Onigiri Bento B',99000,NULL,'Hanya untuk kamu! Harga spesial untuk menu combo Favorite Onigiri Bento A + Favorite Onigiri Bento B!',12,6),(390,'2 Ayam Goreng Penyet (Korek Jontor + Kecombrang)',45000,NULL,'Hanya untuk kamu! Harga spesial untuk menu 2 Ayam Goreng Penyet (Korek Jontor + Kecombrang) favoritmu!',15,6),(391,'2 Ayam Goreng Penyet Korek Jontor FREE 2 Es Teh Manis',57000,NULL,'Hanya untuk kamu! Harga spesial untuk menu 2 Ayam Goreng Penyet Korek Jontor FREE 2 Es Teh Manis favoritmu!',3,6),(392,'2 Pcs Moon Fried Chicken Jumeokbap Rice Set',50000,NULL,'Hanya untuk kamu! Harga spesial untuk menu 2 Pcs Moon Fried Chicken Jumeokbap Rice Set favoritmu!',18,6),(393,'5 Pcs Korean Chicken Wings + Honey Mustard Sauce',46800,NULL,'Hanya untuk kamu! Harga spesial untuk menu 5 Pcs Korean Chicken Wings + Honey Mustard Sauce favoritmu!',21,6),(394,'Tom Yum Fried Rice + Wai Thai Tea',44000,NULL,'Hanya untuk kamu! Harga spesial untuk menu Tom Yum Fried Rice + Wai Thai Tea favoritmu!',20,6),(395,'2 Pcs Fried Chicken Hot Nashville Rice Set FREE Cheese Cheddar',52000,NULL,'Hanya untuk kamu! Harga spesial untuk menu 2 Pcs Fried Chicken Hot Nashville Rice Set FREE Cheese Cheddar favoritmu!',10,6),(396,'Chicken Biryani Bowl + Papadum',44000,NULL,'Diskon Spesial 4 tahun Accha dengan Accha4You! Nikmati Menu Chicken Biryani Bowl + Papadum',14,6),(397,'Aburi Gyudon + Teriyaki Gyudon Regular',79900,NULL,'Khusus hari ini! promo menu best seller Aburi Gyudon & Teriyaki Gyudon nikmat HEMAT cuma di San Gyu',4,6),(398,'2 pcs Fried Chicken Hot Nashville Rice Set',52000,NULL,'Ayam goreng dengan saus Nashville yang pedasnya smokey dari cayenne pepper yang bikin kamu ketagihan. Dilengkapi dengan nasi putih',19,6),(399,'5 pcs Chicken Wings Hot Nashville A La Carte',50000,NULL,'Sayap ayam goreng dengan saus Nashville yang pedasnya smokey dari cayenne pepper yang bikin ketagihan! Cocok untuk snack time!',7,6),(400,'2 pcs Fried Chicken Fire Mala Rice Set',52000,NULL,'Ayam goreng dengan saus Mala yang pedasnya mengigit dan aromatik. Dilengkapi dengan nasi putih',5,6),(401,'5 pcs Chicken Wings Fire Mala A La Carte',50000,NULL,'Sayap ayam goreng dengan saus Mala yang pedasnya mengigit dan aromatik. Cocok untuk snack time!',19,6),(402,'Chicken Kofta Biryani Rice Bowl (Contain: Bakso Ayam, Nasi Biryani)',44900,NULL,'Nasi Basmati yang dimasak pake rempah citarasa tinggi khas India dan Chicken Kofta (Bakso Ayam khas India) yang gurihnya bikin Bu Sisca Soewitomo pengen nyobain juga!',23,6),(403,'Chicken Biryani Rice Bowl (Contain: Ayam Kari, Nasi Biryani)',47900,NULL,'Nasi Basmati dimasak pake rempah spesial khas India, dan potongan daging ayam yang dimarinasi sampe kamu lupa kalo kamu di Indonesia, bukan di India. Makin enak pake saus Yogurt.',12,6),(404,'2 Pcs Accha Fried Chicken Biryani Rice Set',69900,NULL,'Perpaduan paling yahud dari nasi biryani dan ayam goreng juicy dengan saus rempah yang gurih dan aromatik khas ACCHA.',19,6),(405,'1 Pc Accha Fried Chicken Rice Set',35900,NULL,'Potongan ayam goreng juicy dengan saus rempah yang gurih dan aromatik khas ACCHA ditambah dengan nasi putih hangat.',6,6),(406,'5 Pcs Accha Chicken Wings Rice Set',59400,NULL,'Chicken Wings juicy dengan saus rempah yang gurih dan aromatik khas ACCHA, dihidangkan dengan nasi hangat.',14,6),(407,'3 Pcs Accha Chicken Wings Biryani Rice Set',53000,NULL,'Perpaduan paling yahud dari nasi biryani dan Chicken Wings juicy dengan saus rempah gurih dan aromatik khas ACCHA.',13,6),(408,'Butter Chicken + Naan (Contain: Ayam Tikka)',45900,NULL,'Smooth like butter~ (Halo BTS, gak mau collab??) Potongan ayam panggang dicampur kuah kari tomat spesial & saus butter yang creamy abis! Disajikan sama roti naan khas India.',25,6),(409,'Chicken Tikka Masala + Naan (Contain: Ayam Tikka)',45900,NULL,'Buat pecinta pedes, tanpa takut kena masala(h) perut! Potongan ayam dipanggang gaya tikka pake saus rahasia, ditambah kuah kari rempah spesial. Disajikan sama roti naan khas India.',12,6),(410,'Butter Chicken Big Bowl (Contain: Ayam Tikka)',69900,NULL,'Potongan ayam yang juicy dimasak sama bumbu kari tomat dan butter yang creamy dan smooth abisss~ cocok buat dimakan berdua! Cocok buat dimakan ramean!',15,6),(411,'Chicken Tikka Masala Big Bowl (Contain: Ayam Tikka)',69900,NULL,'Potongan ayam dimarinasi dan dipanggang gaya tikka dalam kuah kari yang spesial dari ACCHA! Cocok buat dimakan berdua! Cocok buat dimakan ramean!',13,6),(412,'2 Pcs Moon Fried Chicken Ala Carte',44000,NULL,'Pilih 1 rasa',16,6),(413,'6 Pcs Moon Fried Chicken Ala Carte',126000,NULL,'6 Pcs Moon Fried Chicken. Pilih 2 rasa',13,6),(414,'1 Pc Moon Fried Chicken Rice Set',34000,NULL,'1 Pc Moon Fried Chicken + Nasi. Pilih 1 rasa',22,6),(415,'2 Pcs Moon Fried Chicken Rice Set',51000,NULL,'2 Pcs Moon Fried Chicken + Nasi. Pilih 1 rasa',4,6),(416,'5 Pcs Korean Chicken Wings',47000,NULL,'5 Pcs Korean Chicken Wings. Pilih 1 rasa',3,6),(417,'20 Pcs Korean Chicken Wings',170000,NULL,'Pilih 4 rasa',8,6),(418,'10 Pcs Korean Chicken Wings Rice Set',93000,NULL,'10 Pcs Korean Chicken Wings + Nasi. Pilih 2 rasa',0,6),(419,'Meteor Chicken Rice',46500,NULL,'Popcorn Chicken (boneless) + Nasi + Telur Mata Sapi + Extra Mayo. Pilih 1 rasa',4,6),(420,'XL Meteor Chicken (Chicken Only, 2x Portion)',68500,NULL,'2x porsi Popcorn Chicken (boneless) + Extra Mayo. Pilih 1 rasa',13,6),(421,'Moon Mandu (Moon Snack)',30000,NULL,'5pcs Mandu goreng Korea isi ayam dan sayur cincang.',29,6),(422,'Korean Chicken Skin (Moon Snack)',30000,NULL,'Kulit ayam garing dengan Flavors of the Galaxy. Pilih 1 rasa',10,6),(423,'Ayam Geprek Nasi Wangi Sambal Original',28900,NULL,'Nasi Wangi TerENAK Sejagat Raya (agak pedes ya). Makannya pake Ayam Koplo Sambel Original dicampur sama Telur Orak-Arik, Serundeng, dan Kremesan (alat makan hanya disediakan berdasarkan permintaan)',14,6),(424,'Ayam Geprek Nasi Wangi Sambal Matah',28900,NULL,'Nasi Wangi Paling JUARA (agak pedes ya). Pake Ayam Koplo Sambel Matah Campuran Tiga Diva Bawang, Cabe, dan Daun Jeruk (alat makan hanya disediakan berdasarkan permintaan)',3,6),(425,'Ayam Geprek Sambal Ori. Mozza',34400,NULL,'Paket Nasi + Ayam Khas Ayam Koplo Pake Keju Mozza Meler-Meler Enak Suer! (alat makan hanya disediakan berdasarkan permintaan)',20,6),(426,'Aburi Gyudon (Beef Rice Bowl)',52000,NULL,'Menu Beef Gyudon ala San Gyu, menggunakan 100% daging sapi US Premium yang sedikit dibakar, memberikan kamu sensasi smokey yang nikmat di porsi menu makan mu. (alat makan diberikan saat request).',16,6),(427,'Teriyaki Gyudon (Beef Rice Bowl)',56000,NULL,'Menu favorit Beef Gyudon Teriyaki ala San Gyu menggunakan 100% daging sapi US Premium & dengan bahan-bahan terbaik.',2,6),(428,'Combo Don (Beef Rice Bowl)',56000,NULL,'Menu Beef Gyudon dengan 2 rasa daging yang berbeda, menggunakan 100% daging sapi US Premium bikin waktu makan mu jadi lebih nikmat & seru (alat makan diberikan saat request).',21,6),(429,'Tori Steak Teriyaki Don (Chicken Rice Bowl)',44000,NULL,'Steak ayam panggang, dipadukan dengan saus Teriyaki Jepang yang autentik.',1,6),(430,'Tori Steak Hickory Smoke Don (Chicken Rice Bowl)',44000,NULL,'Steak ayam panggang dipadukan dengan saus smokey, manis, dan tajam',25,6),(431,'Curry Tori Katsu Don (Chicken Rice Bowl)',46000,NULL,'Ayam katsu dengan saus Kari disajikan dengan nasi khas Jepang',6,6),(432,'Mentai Tori Katsu Don (Chicken Rice Bowl)',38000,NULL,'Ayam katsu dengan saus Mentai yang sedikit dibakar dan tobiko, disajikan dengan nasi khas Jepang',10,6),(433,'Favorite Onigiri Bento A',59900,NULL,'Bento dengan isian tori mayo + campuran Agemono (Egg Chicken Roll, Tori Ball, Shrimp Roll) dengan onigiri yang berbumbu dan salad.',5,6),(434,'Favorite Onigiri Bento B',59900,NULL,'Bento dengan isian tori katsu + campuran Agemono (Egg Chicken Roll, Tori Ball, Shrimp Roll) dengan Onigiri yang berbumbu dan salad.',24,6),(435,'Premium Onigiri Bento A',79000,NULL,'Bento dengan isian Onigiri berbumbu, Gyudon dan Tori mayo pilihanmu. Disajikan dengan salad.',28,6),(436,'Premium Onigiri Bento B',64900,NULL,'Bento dengan isian Onigiri berbumbu, Tori Mayo dan Tori Katsu pilihanmu. Disajikan dengan salad.',6,6),(437,'Agemono A (Value Meal Bento)',35500,NULL,'Perpaduan 2 Egg Roll + 2 Tori Ball disajikan dengan Nasi Jepang dan salad.',4,6),(438,'Agemono B (Value Meal Bento)',35500,NULL,'Perpaduan 2 Shrimp Roll + 2 Tori Ball disajikan nasi Jepang dan salad.',4,6),(439,'Agemono C (Value Meal Bento)',35500,NULL,'Perpaduan 2 Shrimp Roll + 2 Egg Chicken Roll disajikan dengan nasi Jepang dan salad',9,6),(440,'Wai Pad Thai (Kwetiau Goreng Thailand)',45000,NULL,'Kwetiau khas Thailand dengan topping potongan bakso seafood, tauge, dan telur orak arik.',0,6),(441,'Tomyum Khao Pad (Fried Rice/Nasi Goreng)',35000,NULL,'Nasi goreng Tom Yum ala Thai yang segar, asam, dan sedikit pedas. Dengan topping bakso seafood dan telur mata sapi. Level kepedasan: 1',0,6),(442,'Tomyum Gai Grob (Crispy Chicken Rice Bowl)',42000,NULL,'Popcorn chicken dengan saus andalan dari Thailand, ledakan kesegaran pedas dan asam yang aromatik dari cabai, jahe, asam, dan tomat.',15,6),(443,'Green Curry Gai Grob (Crispy Chicken Rice Bowl)',42000,NULL,'Popcorn chicken dengan saus kari khas thailand yang gurih dan creamy. Bisa pilih nasi favorite mu!',24,6),(444,'Thai Sweet & Sour Gai Grob (Crispy Chicken Rice Bowl)',42000,NULL,'Popcorn Chicken dengan saus asam manis khas Thailand. Level kepedasan: 1. Bisa pilih nasi favorite mu!',8,6),(445,'Pop Bowl',22000,NULL,'Rice bowl ayam goreng dengan saus yang bisa kamu pilih, dilengkapi telur orak arik',15,6),(446,'Nasi Kulit Renyah Idolaku',19400,NULL,'Nasi kulit renyah, se-renyah jokes Bapack2. Kulit yang gurih dipadu dengan telur orak-arik dan sambal khas Indonesia. Makin komplit dengan taburan serundeng!',27,6),(447,'Mini Lukchin Gai (Bakso Ayam Tanpa Nasi)',20000,NULL,'3 Pcs Chicken Meatballs yang lembut dan gurih',21,6),(448,'Extra Japanese Spicy Nori Rice',15000,NULL,'Nasi Jepang lembut yang dibumbui dengan rumput laut, wijen dan bubuk cabai.',0,6),(449,'Extra Japanese Nori Rice',14000,NULL,'Nasi yang dibumbui dengan rumput laut dan wijen.',29,6),(450,'Extra Nasi Wangi',9900,NULL,'Nasi wangi bumbu spesial Koplo. Wangi-wangi pedes-pedes gimana gitu. Pokoknya manteubh!',5,6),(451,'Plain Biryani Bowl',39900,NULL,'Nasi Basmati dimasak pake rempah spesial khas India',17,6),(452,'White Rice',6000,NULL,'Extra porsi nasi putih',26,6),(453,'Basmati Rice',18000,NULL,'Extra porsi nasi basmati, nasi khas India',21,6),(454,'Butter Naan',17900,NULL,'Roti panggang khas India yang dioles mentega spesial.',5,6),(455,'Papadum (Kerupuk India)',10000,NULL,'Kerupuk ala India yang gurih. Hati-hati bikin nagih!',17,6),(456,'Mint Chutney',5000,NULL,'Saus nikmat khas India. Campuran cilantro, mint, dan rempah spesial yang membuat makananmu makin enak!',26,6),(457,'Yoghurt Sauce',5000,NULL,'Saus kombinasi yogurt dan rempah spesial yang cocok bikin makanan makin enak!',3,6),(458,'Teman Makan',15000,NULL,'Pink Lemonade Tea',30,6),(459,'Korean Strawberry Milk',15000,NULL,'Es susu strawberry ala Korea yang fruity dan creamy. Cocok untuk penyuka minuman manis',23,6),(460,'Premium Series',15000,NULL,'Tulis di note Custom Message. Template : Dari : [X] Pada : [X] Pesan : [max. 50 karakter]',8,6),(461,'Es Kopi Susu Gula Aren',17500,NULL,'Perpaduan kopi espresso dengan susu creamy dan gula aren premium yang kaya akan rasa',7,6),(462,'Blonde Creamy Latte',15000,NULL,'Minuman non-Coffee unik khas Dari Pada, campuran susu creamy dan gula aren premium yang kaya akan rasa',6,6),(463,'Butter Chicken Naan Combo + Chicken Tikka Masala Naan Combo',73710,NULL,'Menu bundle naan combo paling favorit dari ACCHA, Butter Chicken + Chicken Tikka Masala Naan Combo',23,7),(464,'Aburi Gyudon + Favorite Onigiri Bento A',88560,NULL,'Special untuk kamu! Harga spesial untuk menu Aburi Gyudon + Favorite Onigiri Bento A favoritmu',22,7),(465,'2 Pcs Accha Fried Chicken Rice Set + Yoghurt Sauce',49900,NULL,'Diskon Spesial 4 tahun Accha dengan Accha4You! Nikmati Menu 2 Pcs Accha Fried Chicken Rice Set + Yoghurt Sauce',16,7),(466,'Favorite Onigiri Bento A + Favorite Onigiri Bento B',99000,NULL,'Hanya untuk kamu! Harga spesial untuk menu combo Favorite Onigiri Bento A + Favorite Onigiri Bento B!',16,7),(467,'2 Ayam Goreng Penyet (Korek Jontor + Kecombrang)',45000,NULL,'Hanya untuk kamu! Harga spesial untuk menu 2 Ayam Goreng Penyet (Korek Jontor + Kecombrang) favoritmu!',27,7),(468,'2 Ayam Goreng Penyet Korek Jontor FREE 2 Es Teh Manis',57000,NULL,'Hanya untuk kamu! Harga spesial untuk menu 2 Ayam Goreng Penyet Korek Jontor FREE 2 Es Teh Manis favoritmu!',2,7),(469,'2 Pcs Moon Fried Chicken Jumeokbap Rice Set',50000,NULL,'Hanya untuk kamu! Harga spesial untuk menu 2 Pcs Moon Fried Chicken Jumeokbap Rice Set favoritmu!',11,7),(470,'5 Pcs Korean Chicken Wings + Honey Mustard Sauce',46800,NULL,'Hanya untuk kamu! Harga spesial untuk menu 5 Pcs Korean Chicken Wings + Honey Mustard Sauce favoritmu!',16,7),(471,'Tom Yum Fried Rice + Wai Thai Tea',44000,NULL,'Hanya untuk kamu! Harga spesial untuk menu Tom Yum Fried Rice + Wai Thai Tea favoritmu!',1,7),(472,'2 Pcs Fried Chicken Hot Nashville Rice Set FREE Cheese Cheddar',52000,NULL,'Hanya untuk kamu! Harga spesial untuk menu 2 Pcs Fried Chicken Hot Nashville Rice Set FREE Cheese Cheddar favoritmu!',15,7),(473,'Chicken Biryani Bowl + Papadum',44000,NULL,'Diskon Spesial 4 tahun Accha dengan Accha4You! Nikmati Menu Chicken Biryani Bowl + Papadum',11,7),(474,'Aburi Gyudon + Teriyaki Gyudon Regular',79900,NULL,'Khusus hari ini! promo menu best seller Aburi Gyudon & Teriyaki Gyudon nikmat HEMAT cuma di San Gyu',20,7),(475,'2 pcs Fried Chicken Hot Nashville Rice Set',52000,NULL,'Ayam goreng dengan saus Nashville yang pedasnya smokey dari cayenne pepper yang bikin kamu ketagihan. Dilengkapi dengan nasi putih',4,7),(476,'5 pcs Chicken Wings Hot Nashville A La Carte',50000,NULL,'Sayap ayam goreng dengan saus Nashville yang pedasnya smokey dari cayenne pepper yang bikin ketagihan! Cocok untuk snack time!',23,7),(477,'2 pcs Fried Chicken Fire Mala Rice Set',52000,NULL,'Ayam goreng dengan saus Mala yang pedasnya mengigit dan aromatik. Dilengkapi dengan nasi putih',19,7),(478,'5 pcs Chicken Wings Fire Mala A La Carte',50000,NULL,'Sayap ayam goreng dengan saus Mala yang pedasnya mengigit dan aromatik. Cocok untuk snack time!',13,7),(479,'Chicken Kofta Biryani Rice Bowl (Contain: Bakso Ayam, Nasi Biryani)',44900,NULL,'Nasi Basmati yang dimasak pake rempah citarasa tinggi khas India dan Chicken Kofta (Bakso Ayam khas India) yang gurihnya bikin Bu Sisca Soewitomo pengen nyobain juga!',4,7),(480,'Chicken Biryani Rice Bowl (Contain: Ayam Kari, Nasi Biryani)',47900,NULL,'Nasi Basmati dimasak pake rempah spesial khas India, dan potongan daging ayam yang dimarinasi sampe kamu lupa kalo kamu di Indonesia, bukan di India. Makin enak pake saus Yogurt.',1,7),(481,'2 Pcs Accha Fried Chicken Biryani Rice Set',69900,NULL,'Perpaduan paling yahud dari nasi biryani dan ayam goreng juicy dengan saus rempah yang gurih dan aromatik khas ACCHA.',22,7),(482,'1 Pc Accha Fried Chicken Rice Set',35900,NULL,'Potongan ayam goreng juicy dengan saus rempah yang gurih dan aromatik khas ACCHA ditambah dengan nasi putih hangat.',25,7),(483,'5 Pcs Accha Chicken Wings Rice Set',59400,NULL,'Chicken Wings juicy dengan saus rempah yang gurih dan aromatik khas ACCHA, dihidangkan dengan nasi hangat.',1,7),(484,'3 Pcs Accha Chicken Wings Biryani Rice Set',53000,NULL,'Perpaduan paling yahud dari nasi biryani dan Chicken Wings juicy dengan saus rempah gurih dan aromatik khas ACCHA.',19,7),(485,'Butter Chicken + Naan (Contain: Ayam Tikka)',45900,NULL,'Smooth like butter~ (Halo BTS, gak mau collab??) Potongan ayam panggang dicampur kuah kari tomat spesial & saus butter yang creamy abis! Disajikan sama roti naan khas India.',7,7),(486,'Chicken Tikka Masala + Naan (Contain: Ayam Tikka)',45900,NULL,'Buat pecinta pedes, tanpa takut kena masala(h) perut! Potongan ayam dipanggang gaya tikka pake saus rahasia, ditambah kuah kari rempah spesial. Disajikan sama roti naan khas India.',21,7),(487,'Butter Chicken Big Bowl (Contain: Ayam Tikka)',69900,NULL,'Potongan ayam yang juicy dimasak sama bumbu kari tomat dan butter yang creamy dan smooth abisss~ cocok buat dimakan berdua! Cocok buat dimakan ramean!',14,7),(488,'Chicken Tikka Masala Big Bowl (Contain: Ayam Tikka)',69900,NULL,'Potongan ayam dimarinasi dan dipanggang gaya tikka dalam kuah kari yang spesial dari ACCHA! Cocok buat dimakan berdua! Cocok buat dimakan ramean!',20,7),(489,'2 Pcs Moon Fried Chicken Ala Carte',44000,NULL,'Pilih 1 rasa',9,7),(490,'6 Pcs Moon Fried Chicken Ala Carte',126000,NULL,'6 Pcs Moon Fried Chicken. Pilih 2 rasa',30,7),(491,'1 Pc Moon Fried Chicken Rice Set',34000,NULL,'1 Pc Moon Fried Chicken + Nasi. Pilih 1 rasa',20,7),(492,'2 Pcs Moon Fried Chicken Rice Set',51000,NULL,'2 Pcs Moon Fried Chicken + Nasi. Pilih 1 rasa',7,7),(493,'5 Pcs Korean Chicken Wings',47000,NULL,'5 Pcs Korean Chicken Wings. Pilih 1 rasa',1,7),(494,'20 Pcs Korean Chicken Wings',170000,NULL,'Pilih 4 rasa',10,7),(495,'10 Pcs Korean Chicken Wings Rice Set',93000,NULL,'10 Pcs Korean Chicken Wings + Nasi. Pilih 2 rasa',11,7),(496,'Meteor Chicken Rice',46500,NULL,'Popcorn Chicken (boneless) + Nasi + Telur Mata Sapi + Extra Mayo. Pilih 1 rasa',26,7),(497,'XL Meteor Chicken (Chicken Only, 2x Portion)',68500,NULL,'2x porsi Popcorn Chicken (boneless) + Extra Mayo. Pilih 1 rasa',15,7),(498,'Moon Mandu (Moon Snack)',30000,NULL,'5pcs Mandu goreng Korea isi ayam dan sayur cincang.',19,7),(499,'Korean Chicken Skin (Moon Snack)',30000,NULL,'Kulit ayam garing dengan Flavors of the Galaxy. Pilih 1 rasa',10,7),(500,'Ayam Geprek Nasi Wangi Sambal Original',28900,NULL,'Nasi Wangi TerENAK Sejagat Raya (agak pedes ya). Makannya pake Ayam Koplo Sambel Original dicampur sama Telur Orak-Arik, Serundeng, dan Kremesan (alat makan hanya disediakan berdasarkan permintaan)',7,7),(501,'Ayam Geprek Nasi Wangi Sambal Matah',28900,NULL,'Nasi Wangi Paling JUARA (agak pedes ya). Pake Ayam Koplo Sambel Matah Campuran Tiga Diva Bawang, Cabe, dan Daun Jeruk (alat makan hanya disediakan berdasarkan permintaan)',24,7),(502,'Ayam Geprek Sambal Ori. Mozza',34400,NULL,'Paket Nasi + Ayam Khas Ayam Koplo Pake Keju Mozza Meler-Meler Enak Suer! (alat makan hanya disediakan berdasarkan permintaan)',6,7),(503,'Aburi Gyudon (Beef Rice Bowl)',52000,NULL,'Menu Beef Gyudon ala San Gyu, menggunakan 100% daging sapi US Premium yang sedikit dibakar, memberikan kamu sensasi smokey yang nikmat di porsi menu makan mu. (alat makan diberikan saat request).',1,7),(504,'Teriyaki Gyudon (Beef Rice Bowl)',56000,NULL,'Menu favorit Beef Gyudon Teriyaki ala San Gyu menggunakan 100% daging sapi US Premium & dengan bahan-bahan terbaik.',23,7),(505,'Combo Don (Beef Rice Bowl)',56000,NULL,'Menu Beef Gyudon dengan 2 rasa daging yang berbeda, menggunakan 100% daging sapi US Premium bikin waktu makan mu jadi lebih nikmat & seru (alat makan diberikan saat request).',23,7),(506,'Tori Steak Teriyaki Don (Chicken Rice Bowl)',44000,NULL,'Steak ayam panggang, dipadukan dengan saus Teriyaki Jepang yang autentik.',6,7),(507,'Tori Steak Hickory Smoke Don (Chicken Rice Bowl)',44000,NULL,'Steak ayam panggang dipadukan dengan saus smokey, manis, dan tajam',3,7),(508,'Curry Tori Katsu Don (Chicken Rice Bowl)',46000,NULL,'Ayam katsu dengan saus Kari disajikan dengan nasi khas Jepang',6,7),(509,'Mentai Tori Katsu Don (Chicken Rice Bowl)',38000,NULL,'Ayam katsu dengan saus Mentai yang sedikit dibakar dan tobiko, disajikan dengan nasi khas Jepang',2,7),(510,'Favorite Onigiri Bento A',59900,NULL,'Bento dengan isian tori mayo + campuran Agemono (Egg Chicken Roll, Tori Ball, Shrimp Roll) dengan onigiri yang berbumbu dan salad.',18,7),(511,'Favorite Onigiri Bento B',59900,NULL,'Bento dengan isian tori katsu + campuran Agemono (Egg Chicken Roll, Tori Ball, Shrimp Roll) dengan Onigiri yang berbumbu dan salad.',16,7),(512,'Premium Onigiri Bento A',79000,NULL,'Bento dengan isian Onigiri berbumbu, Gyudon dan Tori mayo pilihanmu. Disajikan dengan salad.',19,7),(513,'Premium Onigiri Bento B',64900,NULL,'Bento dengan isian Onigiri berbumbu, Tori Mayo dan Tori Katsu pilihanmu. Disajikan dengan salad.',13,7),(514,'Agemono A (Value Meal Bento)',35500,NULL,'Perpaduan 2 Egg Roll + 2 Tori Ball disajikan dengan Nasi Jepang dan salad.',15,7),(515,'Agemono B (Value Meal Bento)',35500,NULL,'Perpaduan 2 Shrimp Roll + 2 Tori Ball disajikan nasi Jepang dan salad.',7,7),(516,'Agemono C (Value Meal Bento)',35500,NULL,'Perpaduan 2 Shrimp Roll + 2 Egg Chicken Roll disajikan dengan nasi Jepang dan salad',17,7),(517,'Wai Pad Thai (Kwetiau Goreng Thailand)',45000,NULL,'Kwetiau khas Thailand dengan topping potongan bakso seafood, tauge, dan telur orak arik.',29,7),(518,'Tomyum Khao Pad (Fried Rice/Nasi Goreng)',35000,NULL,'Nasi goreng Tom Yum ala Thai yang segar, asam, dan sedikit pedas. Dengan topping bakso seafood dan telur mata sapi. Level kepedasan: 1',1,7),(519,'Tomyum Gai Grob (Crispy Chicken Rice Bowl)',42000,NULL,'Popcorn chicken dengan saus andalan dari Thailand, ledakan kesegaran pedas dan asam yang aromatik dari cabai, jahe, asam, dan tomat.',25,7),(520,'Green Curry Gai Grob (Crispy Chicken Rice Bowl)',42000,NULL,'Popcorn chicken dengan saus kari khas thailand yang gurih dan creamy. Bisa pilih nasi favorite mu!',0,7),(521,'Thai Sweet & Sour Gai Grob (Crispy Chicken Rice Bowl)',42000,NULL,'Popcorn Chicken dengan saus asam manis khas Thailand. Level kepedasan: 1. Bisa pilih nasi favorite mu!',27,7),(522,'Pop Bowl',22000,NULL,'Rice bowl ayam goreng dengan saus yang bisa kamu pilih, dilengkapi telur orak arik',17,7),(523,'Nasi Kulit Renyah Idolaku',19400,NULL,'Nasi kulit renyah, se-renyah jokes Bapack2. Kulit yang gurih dipadu dengan telur orak-arik dan sambal khas Indonesia. Makin komplit dengan taburan serundeng!',9,7),(524,'Mini Lukchin Gai (Bakso Ayam Tanpa Nasi)',20000,NULL,'3 Pcs Chicken Meatballs yang lembut dan gurih',14,7),(525,'Extra Japanese Spicy Nori Rice',15000,NULL,'Nasi Jepang lembut yang dibumbui dengan rumput laut, wijen dan bubuk cabai.',24,7),(526,'Extra Japanese Nori Rice',14000,NULL,'Nasi yang dibumbui dengan rumput laut dan wijen.',22,7),(527,'Extra Nasi Wangi',9900,NULL,'Nasi wangi bumbu spesial Koplo. Wangi-wangi pedes-pedes gimana gitu. Pokoknya manteubh!',20,7),(528,'Plain Biryani Bowl',39900,NULL,'Nasi Basmati dimasak pake rempah spesial khas India',26,7),(529,'White Rice',6000,NULL,'Extra porsi nasi putih',10,7),(530,'Basmati Rice',18000,NULL,'Extra porsi nasi basmati, nasi khas India',15,7),(531,'Butter Naan',17900,NULL,'Roti panggang khas India yang dioles mentega spesial.',6,7),(532,'Papadum (Kerupuk India)',10000,NULL,'Kerupuk ala India yang gurih. Hati-hati bikin nagih!',22,7),(533,'Mint Chutney',5000,NULL,'Saus nikmat khas India. Campuran cilantro, mint, dan rempah spesial yang membuat makananmu makin enak!',10,7),(534,'Yoghurt Sauce',5000,NULL,'Saus kombinasi yogurt dan rempah spesial yang cocok bikin makanan makin enak!',20,7),(535,'Teman Makan',15000,NULL,'Pink Lemonade Tea',13,7),(536,'Korean Strawberry Milk',15000,NULL,'Es susu strawberry ala Korea yang fruity dan creamy. Cocok untuk penyuka minuman manis',14,7),(537,'Premium Series',15000,NULL,'Tulis di note Custom Message. Template : Dari : [X] Pada : [X] Pesan : [max. 50 karakter]',20,7),(538,'Es Kopi Susu Gula Aren',17500,NULL,'Perpaduan kopi espresso dengan susu creamy dan gula aren premium yang kaya akan rasa',25,7),(539,'Blonde Creamy Latte',15000,NULL,'Minuman non-Coffee unik khas Dari Pada, campuran susu creamy dan gula aren premium yang kaya akan rasa',14,7),(540,'Butter Chicken Naan Combo + Chicken Tikka Masala Naan Combo',73710,NULL,'Menu bundle naan combo paling favorit dari ACCHA, Butter Chicken + Chicken Tikka Masala Naan Combo',26,8),(541,'Aburi Gyudon + Favorite Onigiri Bento A',88560,NULL,'Special untuk kamu! Harga spesial untuk menu Aburi Gyudon + Favorite Onigiri Bento A favoritmu',26,8),(542,'2 Pcs Accha Fried Chicken Rice Set + Yoghurt Sauce',49900,NULL,'Diskon Spesial 4 tahun Accha dengan Accha4You! Nikmati Menu 2 Pcs Accha Fried Chicken Rice Set + Yoghurt Sauce',14,8),(543,'Favorite Onigiri Bento A + Favorite Onigiri Bento B',99000,NULL,'Hanya untuk kamu! Harga spesial untuk menu combo Favorite Onigiri Bento A + Favorite Onigiri Bento B!',4,8),(544,'2 Ayam Goreng Penyet (Korek Jontor + Kecombrang)',45000,NULL,'Hanya untuk kamu! Harga spesial untuk menu 2 Ayam Goreng Penyet (Korek Jontor + Kecombrang) favoritmu!',28,8),(545,'2 Ayam Goreng Penyet Korek Jontor FREE 2 Es Teh Manis',57000,NULL,'Hanya untuk kamu! Harga spesial untuk menu 2 Ayam Goreng Penyet Korek Jontor FREE 2 Es Teh Manis favoritmu!',6,8),(546,'2 Pcs Moon Fried Chicken Jumeokbap Rice Set',50000,NULL,'Hanya untuk kamu! Harga spesial untuk menu 2 Pcs Moon Fried Chicken Jumeokbap Rice Set favoritmu!',24,8),(547,'5 Pcs Korean Chicken Wings + Honey Mustard Sauce',46800,NULL,'Hanya untuk kamu! Harga spesial untuk menu 5 Pcs Korean Chicken Wings + Honey Mustard Sauce favoritmu!',29,8),(548,'Tom Yum Fried Rice + Wai Thai Tea',44000,NULL,'Hanya untuk kamu! Harga spesial untuk menu Tom Yum Fried Rice + Wai Thai Tea favoritmu!',7,8),(549,'2 Pcs Fried Chicken Hot Nashville Rice Set FREE Cheese Cheddar',52000,NULL,'Hanya untuk kamu! Harga spesial untuk menu 2 Pcs Fried Chicken Hot Nashville Rice Set FREE Cheese Cheddar favoritmu!',17,8),(550,'Chicken Biryani Bowl + Papadum',44000,NULL,'Diskon Spesial 4 tahun Accha dengan Accha4You! Nikmati Menu Chicken Biryani Bowl + Papadum',28,8),(551,'Aburi Gyudon + Teriyaki Gyudon Regular',79900,NULL,'Khusus hari ini! promo menu best seller Aburi Gyudon & Teriyaki Gyudon nikmat HEMAT cuma di San Gyu',22,8),(552,'2 pcs Fried Chicken Hot Nashville Rice Set',52000,NULL,'Ayam goreng dengan saus Nashville yang pedasnya smokey dari cayenne pepper yang bikin kamu ketagihan. Dilengkapi dengan nasi putih',17,8),(553,'5 pcs Chicken Wings Hot Nashville A La Carte',50000,NULL,'Sayap ayam goreng dengan saus Nashville yang pedasnya smokey dari cayenne pepper yang bikin ketagihan! Cocok untuk snack time!',4,8),(554,'2 pcs Fried Chicken Fire Mala Rice Set',52000,NULL,'Ayam goreng dengan saus Mala yang pedasnya mengigit dan aromatik. Dilengkapi dengan nasi putih',0,8),(555,'5 pcs Chicken Wings Fire Mala A La Carte',50000,NULL,'Sayap ayam goreng dengan saus Mala yang pedasnya mengigit dan aromatik. Cocok untuk snack time!',22,8),(556,'Chicken Kofta Biryani Rice Bowl (Contain: Bakso Ayam, Nasi Biryani)',44900,NULL,'Nasi Basmati yang dimasak pake rempah citarasa tinggi khas India dan Chicken Kofta (Bakso Ayam khas India) yang gurihnya bikin Bu Sisca Soewitomo pengen nyobain juga!',27,8),(557,'Chicken Biryani Rice Bowl (Contain: Ayam Kari, Nasi Biryani)',47900,NULL,'Nasi Basmati dimasak pake rempah spesial khas India, dan potongan daging ayam yang dimarinasi sampe kamu lupa kalo kamu di Indonesia, bukan di India. Makin enak pake saus Yogurt.',28,8),(558,'2 Pcs Accha Fried Chicken Biryani Rice Set',69900,NULL,'Perpaduan paling yahud dari nasi biryani dan ayam goreng juicy dengan saus rempah yang gurih dan aromatik khas ACCHA.',23,8),(559,'1 Pc Accha Fried Chicken Rice Set',35900,NULL,'Potongan ayam goreng juicy dengan saus rempah yang gurih dan aromatik khas ACCHA ditambah dengan nasi putih hangat.',30,8),(560,'5 Pcs Accha Chicken Wings Rice Set',59400,NULL,'Chicken Wings juicy dengan saus rempah yang gurih dan aromatik khas ACCHA, dihidangkan dengan nasi hangat.',2,8),(561,'3 Pcs Accha Chicken Wings Biryani Rice Set',53000,NULL,'Perpaduan paling yahud dari nasi biryani dan Chicken Wings juicy dengan saus rempah gurih dan aromatik khas ACCHA.',27,8),(562,'Butter Chicken + Naan (Contain: Ayam Tikka)',45900,NULL,'Smooth like butter~ (Halo BTS, gak mau collab??) Potongan ayam panggang dicampur kuah kari tomat spesial & saus butter yang creamy abis! Disajikan sama roti naan khas India.',12,8),(563,'Chicken Tikka Masala + Naan (Contain: Ayam Tikka)',45900,NULL,'Buat pecinta pedes, tanpa takut kena masala(h) perut! Potongan ayam dipanggang gaya tikka pake saus rahasia, ditambah kuah kari rempah spesial. Disajikan sama roti naan khas India.',7,8),(564,'Butter Chicken Big Bowl (Contain: Ayam Tikka)',69900,NULL,'Potongan ayam yang juicy dimasak sama bumbu kari tomat dan butter yang creamy dan smooth abisss~ cocok buat dimakan berdua! Cocok buat dimakan ramean!',10,8),(565,'Chicken Tikka Masala Big Bowl (Contain: Ayam Tikka)',69900,NULL,'Potongan ayam dimarinasi dan dipanggang gaya tikka dalam kuah kari yang spesial dari ACCHA! Cocok buat dimakan berdua! Cocok buat dimakan ramean!',15,8),(566,'2 Pcs Moon Fried Chicken Ala Carte',44000,NULL,'Pilih 1 rasa',21,8),(567,'6 Pcs Moon Fried Chicken Ala Carte',126000,NULL,'6 Pcs Moon Fried Chicken. Pilih 2 rasa',25,8),(568,'1 Pc Moon Fried Chicken Rice Set',34000,NULL,'1 Pc Moon Fried Chicken + Nasi. Pilih 1 rasa',5,8),(569,'2 Pcs Moon Fried Chicken Rice Set',51000,NULL,'2 Pcs Moon Fried Chicken + Nasi. Pilih 1 rasa',24,8),(570,'5 Pcs Korean Chicken Wings',47000,NULL,'5 Pcs Korean Chicken Wings. Pilih 1 rasa',29,8),(571,'20 Pcs Korean Chicken Wings',170000,NULL,'Pilih 4 rasa',2,8),(572,'10 Pcs Korean Chicken Wings Rice Set',93000,NULL,'10 Pcs Korean Chicken Wings + Nasi. Pilih 2 rasa',12,8),(573,'Meteor Chicken Rice',46500,NULL,'Popcorn Chicken (boneless) + Nasi + Telur Mata Sapi + Extra Mayo. Pilih 1 rasa',10,8),(574,'XL Meteor Chicken (Chicken Only, 2x Portion)',68500,NULL,'2x porsi Popcorn Chicken (boneless) + Extra Mayo. Pilih 1 rasa',13,8),(575,'Moon Mandu (Moon Snack)',30000,NULL,'5pcs Mandu goreng Korea isi ayam dan sayur cincang.',9,8),(576,'Korean Chicken Skin (Moon Snack)',30000,NULL,'Kulit ayam garing dengan Flavors of the Galaxy. Pilih 1 rasa',14,8),(577,'Ayam Geprek Nasi Wangi Sambal Original',28900,NULL,'Nasi Wangi TerENAK Sejagat Raya (agak pedes ya). Makannya pake Ayam Koplo Sambel Original dicampur sama Telur Orak-Arik, Serundeng, dan Kremesan (alat makan hanya disediakan berdasarkan permintaan)',13,8),(578,'Ayam Geprek Nasi Wangi Sambal Matah',28900,NULL,'Nasi Wangi Paling JUARA (agak pedes ya). Pake Ayam Koplo Sambel Matah Campuran Tiga Diva Bawang, Cabe, dan Daun Jeruk (alat makan hanya disediakan berdasarkan permintaan)',23,8),(579,'Ayam Geprek Sambal Ori. Mozza',34400,NULL,'Paket Nasi + Ayam Khas Ayam Koplo Pake Keju Mozza Meler-Meler Enak Suer! (alat makan hanya disediakan berdasarkan permintaan)',9,8),(580,'Aburi Gyudon (Beef Rice Bowl)',52000,NULL,'Menu Beef Gyudon ala San Gyu, menggunakan 100% daging sapi US Premium yang sedikit dibakar, memberikan kamu sensasi smokey yang nikmat di porsi menu makan mu. (alat makan diberikan saat request).',6,8),(581,'Teriyaki Gyudon (Beef Rice Bowl)',56000,NULL,'Menu favorit Beef Gyudon Teriyaki ala San Gyu menggunakan 100% daging sapi US Premium & dengan bahan-bahan terbaik.',27,8),(582,'Combo Don (Beef Rice Bowl)',56000,NULL,'Menu Beef Gyudon dengan 2 rasa daging yang berbeda, menggunakan 100% daging sapi US Premium bikin waktu makan mu jadi lebih nikmat & seru (alat makan diberikan saat request).',5,8),(583,'Tori Steak Teriyaki Don (Chicken Rice Bowl)',44000,NULL,'Steak ayam panggang, dipadukan dengan saus Teriyaki Jepang yang autentik.',20,8),(584,'Tori Steak Hickory Smoke Don (Chicken Rice Bowl)',44000,NULL,'Steak ayam panggang dipadukan dengan saus smokey, manis, dan tajam',10,8),(585,'Curry Tori Katsu Don (Chicken Rice Bowl)',46000,NULL,'Ayam katsu dengan saus Kari disajikan dengan nasi khas Jepang',2,8),(586,'Mentai Tori Katsu Don (Chicken Rice Bowl)',38000,NULL,'Ayam katsu dengan saus Mentai yang sedikit dibakar dan tobiko, disajikan dengan nasi khas Jepang',12,8),(587,'Favorite Onigiri Bento A',59900,NULL,'Bento dengan isian tori mayo + campuran Agemono (Egg Chicken Roll, Tori Ball, Shrimp Roll) dengan onigiri yang berbumbu dan salad.',18,8),(588,'Favorite Onigiri Bento B',59900,NULL,'Bento dengan isian tori katsu + campuran Agemono (Egg Chicken Roll, Tori Ball, Shrimp Roll) dengan Onigiri yang berbumbu dan salad.',14,8),(589,'Premium Onigiri Bento A',79000,NULL,'Bento dengan isian Onigiri berbumbu, Gyudon dan Tori mayo pilihanmu. Disajikan dengan salad.',15,8),(590,'Premium Onigiri Bento B',64900,NULL,'Bento dengan isian Onigiri berbumbu, Tori Mayo dan Tori Katsu pilihanmu. Disajikan dengan salad.',6,8),(591,'Agemono A (Value Meal Bento)',35500,NULL,'Perpaduan 2 Egg Roll + 2 Tori Ball disajikan dengan Nasi Jepang dan salad.',19,8),(592,'Agemono B (Value Meal Bento)',35500,NULL,'Perpaduan 2 Shrimp Roll + 2 Tori Ball disajikan nasi Jepang dan salad.',27,8),(593,'Agemono C (Value Meal Bento)',35500,NULL,'Perpaduan 2 Shrimp Roll + 2 Egg Chicken Roll disajikan dengan nasi Jepang dan salad',3,8),(594,'Wai Pad Thai (Kwetiau Goreng Thailand)',45000,NULL,'Kwetiau khas Thailand dengan topping potongan bakso seafood, tauge, dan telur orak arik.',17,8),(595,'Tomyum Khao Pad (Fried Rice/Nasi Goreng)',35000,NULL,'Nasi goreng Tom Yum ala Thai yang segar, asam, dan sedikit pedas. Dengan topping bakso seafood dan telur mata sapi. Level kepedasan: 1',10,8),(596,'Tomyum Gai Grob (Crispy Chicken Rice Bowl)',42000,NULL,'Popcorn chicken dengan saus andalan dari Thailand, ledakan kesegaran pedas dan asam yang aromatik dari cabai, jahe, asam, dan tomat.',0,8),(597,'Green Curry Gai Grob (Crispy Chicken Rice Bowl)',42000,NULL,'Popcorn chicken dengan saus kari khas thailand yang gurih dan creamy. Bisa pilih nasi favorite mu!',15,8),(598,'Thai Sweet & Sour Gai Grob (Crispy Chicken Rice Bowl)',42000,NULL,'Popcorn Chicken dengan saus asam manis khas Thailand. Level kepedasan: 1. Bisa pilih nasi favorite mu!',30,8),(599,'Pop Bowl',22000,NULL,'Rice bowl ayam goreng dengan saus yang bisa kamu pilih, dilengkapi telur orak arik',30,8),(600,'Nasi Kulit Renyah Idolaku',19400,NULL,'Nasi kulit renyah, se-renyah jokes Bapack2. Kulit yang gurih dipadu dengan telur orak-arik dan sambal khas Indonesia. Makin komplit dengan taburan serundeng!',17,8),(601,'Mini Lukchin Gai (Bakso Ayam Tanpa Nasi)',20000,NULL,'3 Pcs Chicken Meatballs yang lembut dan gurih',7,8),(602,'Extra Japanese Spicy Nori Rice',15000,NULL,'Nasi Jepang lembut yang dibumbui dengan rumput laut, wijen dan bubuk cabai.',1,8),(603,'Extra Japanese Nori Rice',14000,NULL,'Nasi yang dibumbui dengan rumput laut dan wijen.',0,8),(604,'Extra Nasi Wangi',9900,NULL,'Nasi wangi bumbu spesial Koplo. Wangi-wangi pedes-pedes gimana gitu. Pokoknya manteubh!',21,8),(605,'Plain Biryani Bowl',39900,NULL,'Nasi Basmati dimasak pake rempah spesial khas India',4,8),(606,'White Rice',6000,NULL,'Extra porsi nasi putih',11,8),(607,'Basmati Rice',18000,NULL,'Extra porsi nasi basmati, nasi khas India',16,8),(608,'Butter Naan',17900,NULL,'Roti panggang khas India yang dioles mentega spesial.',18,8),(609,'Papadum (Kerupuk India)',10000,NULL,'Kerupuk ala India yang gurih. Hati-hati bikin nagih!',20,8),(610,'Mint Chutney',5000,NULL,'Saus nikmat khas India. Campuran cilantro, mint, dan rempah spesial yang membuat makananmu makin enak!',26,8),(611,'Yoghurt Sauce',5000,NULL,'Saus kombinasi yogurt dan rempah spesial yang cocok bikin makanan makin enak!',7,8),(612,'Teman Makan',15000,NULL,'Pink Lemonade Tea',3,8),(613,'Korean Strawberry Milk',15000,NULL,'Es susu strawberry ala Korea yang fruity dan creamy. Cocok untuk penyuka minuman manis',22,8),(614,'Premium Series',15000,NULL,'Tulis di note Custom Message. Template : Dari : [X] Pada : [X] Pesan : [max. 50 karakter]',8,8),(615,'Es Kopi Susu Gula Aren',17500,NULL,'Perpaduan kopi espresso dengan susu creamy dan gula aren premium yang kaya akan rasa',15,8),(616,'Blonde Creamy Latte',15000,NULL,'Minuman non-Coffee unik khas Dari Pada, campuran susu creamy dan gula aren premium yang kaya akan rasa',0,8),(617,'Butter Chicken Naan Combo + Chicken Tikka Masala Naan Combo',73710,NULL,'Menu bundle naan combo paling favorit dari ACCHA, Butter Chicken + Chicken Tikka Masala Naan Combo',14,9),(618,'Aburi Gyudon + Favorite Onigiri Bento A',88560,NULL,'Special untuk kamu! Harga spesial untuk menu Aburi Gyudon + Favorite Onigiri Bento A favoritmu',23,9),(619,'2 Pcs Accha Fried Chicken Rice Set + Yoghurt Sauce',49900,NULL,'Diskon Spesial 4 tahun Accha dengan Accha4You! Nikmati Menu 2 Pcs Accha Fried Chicken Rice Set + Yoghurt Sauce',17,9),(620,'Favorite Onigiri Bento A + Favorite Onigiri Bento B',99000,NULL,'Hanya untuk kamu! Harga spesial untuk menu combo Favorite Onigiri Bento A + Favorite Onigiri Bento B!',3,9),(621,'2 Ayam Goreng Penyet (Korek Jontor + Kecombrang)',45000,NULL,'Hanya untuk kamu! Harga spesial untuk menu 2 Ayam Goreng Penyet (Korek Jontor + Kecombrang) favoritmu!',24,9),(622,'2 Ayam Goreng Penyet Korek Jontor FREE 2 Es Teh Manis',57000,NULL,'Hanya untuk kamu! Harga spesial untuk menu 2 Ayam Goreng Penyet Korek Jontor FREE 2 Es Teh Manis favoritmu!',9,9),(623,'2 Pcs Moon Fried Chicken Jumeokbap Rice Set',50000,NULL,'Hanya untuk kamu! Harga spesial untuk menu 2 Pcs Moon Fried Chicken Jumeokbap Rice Set favoritmu!',28,9),(624,'5 Pcs Korean Chicken Wings + Honey Mustard Sauce',46800,NULL,'Hanya untuk kamu! Harga spesial untuk menu 5 Pcs Korean Chicken Wings + Honey Mustard Sauce favoritmu!',16,9),(625,'Tom Yum Fried Rice + Wai Thai Tea',44000,NULL,'Hanya untuk kamu! Harga spesial untuk menu Tom Yum Fried Rice + Wai Thai Tea favoritmu!',27,9),(626,'2 Pcs Fried Chicken Hot Nashville Rice Set FREE Cheese Cheddar',52000,NULL,'Hanya untuk kamu! Harga spesial untuk menu 2 Pcs Fried Chicken Hot Nashville Rice Set FREE Cheese Cheddar favoritmu!',29,9),(627,'Chicken Biryani Bowl + Papadum',44000,NULL,'Diskon Spesial 4 tahun Accha dengan Accha4You! Nikmati Menu Chicken Biryani Bowl + Papadum',24,9),(628,'Aburi Gyudon + Teriyaki Gyudon Regular',79900,NULL,'Khusus hari ini! promo menu best seller Aburi Gyudon & Teriyaki Gyudon nikmat HEMAT cuma di San Gyu',28,9),(629,'2 pcs Fried Chicken Hot Nashville Rice Set',52000,NULL,'Ayam goreng dengan saus Nashville yang pedasnya smokey dari cayenne pepper yang bikin kamu ketagihan. Dilengkapi dengan nasi putih',18,9),(630,'5 pcs Chicken Wings Hot Nashville A La Carte',50000,NULL,'Sayap ayam goreng dengan saus Nashville yang pedasnya smokey dari cayenne pepper yang bikin ketagihan! Cocok untuk snack time!',9,9),(631,'2 pcs Fried Chicken Fire Mala Rice Set',52000,NULL,'Ayam goreng dengan saus Mala yang pedasnya mengigit dan aromatik. Dilengkapi dengan nasi putih',16,9),(632,'5 pcs Chicken Wings Fire Mala A La Carte',50000,NULL,'Sayap ayam goreng dengan saus Mala yang pedasnya mengigit dan aromatik. Cocok untuk snack time!',17,9),(633,'Chicken Kofta Biryani Rice Bowl (Contain: Bakso Ayam, Nasi Biryani)',44900,NULL,'Nasi Basmati yang dimasak pake rempah citarasa tinggi khas India dan Chicken Kofta (Bakso Ayam khas India) yang gurihnya bikin Bu Sisca Soewitomo pengen nyobain juga!',15,9),(634,'Chicken Biryani Rice Bowl (Contain: Ayam Kari, Nasi Biryani)',47900,NULL,'Nasi Basmati dimasak pake rempah spesial khas India, dan potongan daging ayam yang dimarinasi sampe kamu lupa kalo kamu di Indonesia, bukan di India. Makin enak pake saus Yogurt.',6,9),(635,'2 Pcs Accha Fried Chicken Biryani Rice Set',69900,NULL,'Perpaduan paling yahud dari nasi biryani dan ayam goreng juicy dengan saus rempah yang gurih dan aromatik khas ACCHA.',26,9),(636,'1 Pc Accha Fried Chicken Rice Set',35900,NULL,'Potongan ayam goreng juicy dengan saus rempah yang gurih dan aromatik khas ACCHA ditambah dengan nasi putih hangat.',12,9),(637,'5 Pcs Accha Chicken Wings Rice Set',59400,NULL,'Chicken Wings juicy dengan saus rempah yang gurih dan aromatik khas ACCHA, dihidangkan dengan nasi hangat.',3,9),(638,'3 Pcs Accha Chicken Wings Biryani Rice Set',53000,NULL,'Perpaduan paling yahud dari nasi biryani dan Chicken Wings juicy dengan saus rempah gurih dan aromatik khas ACCHA.',9,9),(639,'Butter Chicken + Naan (Contain: Ayam Tikka)',45900,NULL,'Smooth like butter~ (Halo BTS, gak mau collab??) Potongan ayam panggang dicampur kuah kari tomat spesial & saus butter yang creamy abis! Disajikan sama roti naan khas India.',17,9),(640,'Chicken Tikka Masala + Naan (Contain: Ayam Tikka)',45900,NULL,'Buat pecinta pedes, tanpa takut kena masala(h) perut! Potongan ayam dipanggang gaya tikka pake saus rahasia, ditambah kuah kari rempah spesial. Disajikan sama roti naan khas India.',2,9),(641,'Butter Chicken Big Bowl (Contain: Ayam Tikka)',69900,NULL,'Potongan ayam yang juicy dimasak sama bumbu kari tomat dan butter yang creamy dan smooth abisss~ cocok buat dimakan berdua! Cocok buat dimakan ramean!',8,9),(642,'Chicken Tikka Masala Big Bowl (Contain: Ayam Tikka)',69900,NULL,'Potongan ayam dimarinasi dan dipanggang gaya tikka dalam kuah kari yang spesial dari ACCHA! Cocok buat dimakan berdua! Cocok buat dimakan ramean!',8,9),(643,'2 Pcs Moon Fried Chicken Ala Carte',44000,NULL,'Pilih 1 rasa',28,9),(644,'6 Pcs Moon Fried Chicken Ala Carte',126000,NULL,'6 Pcs Moon Fried Chicken. Pilih 2 rasa',20,9),(645,'1 Pc Moon Fried Chicken Rice Set',34000,NULL,'1 Pc Moon Fried Chicken + Nasi. Pilih 1 rasa',20,9),(646,'2 Pcs Moon Fried Chicken Rice Set',51000,NULL,'2 Pcs Moon Fried Chicken + Nasi. Pilih 1 rasa',17,9),(647,'5 Pcs Korean Chicken Wings',47000,NULL,'5 Pcs Korean Chicken Wings. Pilih 1 rasa',13,9),(648,'20 Pcs Korean Chicken Wings',170000,NULL,'Pilih 4 rasa',6,9),(649,'10 Pcs Korean Chicken Wings Rice Set',93000,NULL,'10 Pcs Korean Chicken Wings + Nasi. Pilih 2 rasa',0,9),(650,'Meteor Chicken Rice',46500,NULL,'Popcorn Chicken (boneless) + Nasi + Telur Mata Sapi + Extra Mayo. Pilih 1 rasa',14,9),(651,'XL Meteor Chicken (Chicken Only, 2x Portion)',68500,NULL,'2x porsi Popcorn Chicken (boneless) + Extra Mayo. Pilih 1 rasa',15,9),(652,'Moon Mandu (Moon Snack)',30000,NULL,'5pcs Mandu goreng Korea isi ayam dan sayur cincang.',20,9),(653,'Korean Chicken Skin (Moon Snack)',30000,NULL,'Kulit ayam garing dengan Flavors of the Galaxy. Pilih 1 rasa',7,9),(654,'Ayam Geprek Nasi Wangi Sambal Original',28900,NULL,'Nasi Wangi TerENAK Sejagat Raya (agak pedes ya). Makannya pake Ayam Koplo Sambel Original dicampur sama Telur Orak-Arik, Serundeng, dan Kremesan (alat makan hanya disediakan berdasarkan permintaan)',4,9),(655,'Ayam Geprek Nasi Wangi Sambal Matah',28900,NULL,'Nasi Wangi Paling JUARA (agak pedes ya). Pake Ayam Koplo Sambel Matah Campuran Tiga Diva Bawang, Cabe, dan Daun Jeruk (alat makan hanya disediakan berdasarkan permintaan)',2,9),(656,'Ayam Geprek Sambal Ori. Mozza',34400,NULL,'Paket Nasi + Ayam Khas Ayam Koplo Pake Keju Mozza Meler-Meler Enak Suer! (alat makan hanya disediakan berdasarkan permintaan)',16,9),(657,'Aburi Gyudon (Beef Rice Bowl)',52000,NULL,'Menu Beef Gyudon ala San Gyu, menggunakan 100% daging sapi US Premium yang sedikit dibakar, memberikan kamu sensasi smokey yang nikmat di porsi menu makan mu. (alat makan diberikan saat request).',5,9),(658,'Teriyaki Gyudon (Beef Rice Bowl)',56000,NULL,'Menu favorit Beef Gyudon Teriyaki ala San Gyu menggunakan 100% daging sapi US Premium & dengan bahan-bahan terbaik.',11,9),(659,'Combo Don (Beef Rice Bowl)',56000,NULL,'Menu Beef Gyudon dengan 2 rasa daging yang berbeda, menggunakan 100% daging sapi US Premium bikin waktu makan mu jadi lebih nikmat & seru (alat makan diberikan saat request).',4,9),(660,'Tori Steak Teriyaki Don (Chicken Rice Bowl)',44000,NULL,'Steak ayam panggang, dipadukan dengan saus Teriyaki Jepang yang autentik.',7,9),(661,'Tori Steak Hickory Smoke Don (Chicken Rice Bowl)',44000,NULL,'Steak ayam panggang dipadukan dengan saus smokey, manis, dan tajam',13,9),(662,'Curry Tori Katsu Don (Chicken Rice Bowl)',46000,NULL,'Ayam katsu dengan saus Kari disajikan dengan nasi khas Jepang',6,9),(663,'Mentai Tori Katsu Don (Chicken Rice Bowl)',38000,NULL,'Ayam katsu dengan saus Mentai yang sedikit dibakar dan tobiko, disajikan dengan nasi khas Jepang',1,9),(664,'Favorite Onigiri Bento A',59900,NULL,'Bento dengan isian tori mayo + campuran Agemono (Egg Chicken Roll, Tori Ball, Shrimp Roll) dengan onigiri yang berbumbu dan salad.',29,9),(665,'Favorite Onigiri Bento B',59900,NULL,'Bento dengan isian tori katsu + campuran Agemono (Egg Chicken Roll, Tori Ball, Shrimp Roll) dengan Onigiri yang berbumbu dan salad.',30,9),(666,'Premium Onigiri Bento A',79000,NULL,'Bento dengan isian Onigiri berbumbu, Gyudon dan Tori mayo pilihanmu. Disajikan dengan salad.',0,9),(667,'Premium Onigiri Bento B',64900,NULL,'Bento dengan isian Onigiri berbumbu, Tori Mayo dan Tori Katsu pilihanmu. Disajikan dengan salad.',12,9),(668,'Agemono A (Value Meal Bento)',35500,NULL,'Perpaduan 2 Egg Roll + 2 Tori Ball disajikan dengan Nasi Jepang dan salad.',20,9),(669,'Agemono B (Value Meal Bento)',35500,NULL,'Perpaduan 2 Shrimp Roll + 2 Tori Ball disajikan nasi Jepang dan salad.',25,9),(670,'Agemono C (Value Meal Bento)',35500,NULL,'Perpaduan 2 Shrimp Roll + 2 Egg Chicken Roll disajikan dengan nasi Jepang dan salad',30,9),(671,'Wai Pad Thai (Kwetiau Goreng Thailand)',45000,NULL,'Kwetiau khas Thailand dengan topping potongan bakso seafood, tauge, dan telur orak arik.',12,9),(672,'Tomyum Khao Pad (Fried Rice/Nasi Goreng)',35000,NULL,'Nasi goreng Tom Yum ala Thai yang segar, asam, dan sedikit pedas. Dengan topping bakso seafood dan telur mata sapi. Level kepedasan: 1',3,9),(673,'Tomyum Gai Grob (Crispy Chicken Rice Bowl)',42000,NULL,'Popcorn chicken dengan saus andalan dari Thailand, ledakan kesegaran pedas dan asam yang aromatik dari cabai, jahe, asam, dan tomat.',6,9),(674,'Green Curry Gai Grob (Crispy Chicken Rice Bowl)',42000,NULL,'Popcorn chicken dengan saus kari khas thailand yang gurih dan creamy. Bisa pilih nasi favorite mu!',30,9),(675,'Thai Sweet & Sour Gai Grob (Crispy Chicken Rice Bowl)',42000,NULL,'Popcorn Chicken dengan saus asam manis khas Thailand. Level kepedasan: 1. Bisa pilih nasi favorite mu!',9,9),(676,'Pop Bowl',22000,NULL,'Rice bowl ayam goreng dengan saus yang bisa kamu pilih, dilengkapi telur orak arik',11,9),(677,'Nasi Kulit Renyah Idolaku',19400,NULL,'Nasi kulit renyah, se-renyah jokes Bapack2. Kulit yang gurih dipadu dengan telur orak-arik dan sambal khas Indonesia. Makin komplit dengan taburan serundeng!',16,9),(678,'Mini Lukchin Gai (Bakso Ayam Tanpa Nasi)',20000,NULL,'3 Pcs Chicken Meatballs yang lembut dan gurih',7,9),(679,'Extra Japanese Spicy Nori Rice',15000,NULL,'Nasi Jepang lembut yang dibumbui dengan rumput laut, wijen dan bubuk cabai.',18,9),(680,'Extra Japanese Nori Rice',14000,NULL,'Nasi yang dibumbui dengan rumput laut dan wijen.',12,9),(681,'Extra Nasi Wangi',9900,NULL,'Nasi wangi bumbu spesial Koplo. Wangi-wangi pedes-pedes gimana gitu. Pokoknya manteubh!',9,9),(682,'Plain Biryani Bowl',39900,NULL,'Nasi Basmati dimasak pake rempah spesial khas India',23,9),(683,'White Rice',6000,NULL,'Extra porsi nasi putih',23,9),(684,'Basmati Rice',18000,NULL,'Extra porsi nasi basmati, nasi khas India',6,9),(685,'Butter Naan',17900,NULL,'Roti panggang khas India yang dioles mentega spesial.',6,9),(686,'Papadum (Kerupuk India)',10000,NULL,'Kerupuk ala India yang gurih. Hati-hati bikin nagih!',3,9),(687,'Mint Chutney',5000,NULL,'Saus nikmat khas India. Campuran cilantro, mint, dan rempah spesial yang membuat makananmu makin enak!',20,9),(688,'Yoghurt Sauce',5000,NULL,'Saus kombinasi yogurt dan rempah spesial yang cocok bikin makanan makin enak!',14,9),(689,'Teman Makan',15000,NULL,'Pink Lemonade Tea',4,9),(690,'Korean Strawberry Milk',15000,NULL,'Es susu strawberry ala Korea yang fruity dan creamy. Cocok untuk penyuka minuman manis',9,9),(691,'Premium Series',15000,NULL,'Tulis di note Custom Message. Template : Dari : [X] Pada : [X] Pesan : [max. 50 karakter]',25,9),(692,'Es Kopi Susu Gula Aren',17500,NULL,'Perpaduan kopi espresso dengan susu creamy dan gula aren premium yang kaya akan rasa',22,9),(693,'Blonde Creamy Latte',15000,NULL,'Minuman non-Coffee unik khas Dari Pada, campuran susu creamy dan gula aren premium yang kaya akan rasa',24,9),(694,'Butter Chicken Naan Combo + Chicken Tikka Masala Naan Combo',73710,NULL,'Menu bundle naan combo paling favorit dari ACCHA, Butter Chicken + Chicken Tikka Masala Naan Combo',0,10),(695,'Aburi Gyudon + Favorite Onigiri Bento A',88560,NULL,'Special untuk kamu! Harga spesial untuk menu Aburi Gyudon + Favorite Onigiri Bento A favoritmu',8,10),(696,'2 Pcs Accha Fried Chicken Rice Set + Yoghurt Sauce',49900,NULL,'Diskon Spesial 4 tahun Accha dengan Accha4You! Nikmati Menu 2 Pcs Accha Fried Chicken Rice Set + Yoghurt Sauce',20,10),(697,'Favorite Onigiri Bento A + Favorite Onigiri Bento B',99000,NULL,'Hanya untuk kamu! Harga spesial untuk menu combo Favorite Onigiri Bento A + Favorite Onigiri Bento B!',25,10),(698,'2 Ayam Goreng Penyet (Korek Jontor + Kecombrang)',45000,NULL,'Hanya untuk kamu! Harga spesial untuk menu 2 Ayam Goreng Penyet (Korek Jontor + Kecombrang) favoritmu!',27,10),(699,'2 Ayam Goreng Penyet Korek Jontor FREE 2 Es Teh Manis',57000,NULL,'Hanya untuk kamu! Harga spesial untuk menu 2 Ayam Goreng Penyet Korek Jontor FREE 2 Es Teh Manis favoritmu!',15,10),(700,'2 Pcs Moon Fried Chicken Jumeokbap Rice Set',50000,NULL,'Hanya untuk kamu! Harga spesial untuk menu 2 Pcs Moon Fried Chicken Jumeokbap Rice Set favoritmu!',25,10),(701,'5 Pcs Korean Chicken Wings + Honey Mustard Sauce',46800,NULL,'Hanya untuk kamu! Harga spesial untuk menu 5 Pcs Korean Chicken Wings + Honey Mustard Sauce favoritmu!',14,10),(702,'Tom Yum Fried Rice + Wai Thai Tea',44000,NULL,'Hanya untuk kamu! Harga spesial untuk menu Tom Yum Fried Rice + Wai Thai Tea favoritmu!',16,10),(703,'2 Pcs Fried Chicken Hot Nashville Rice Set FREE Cheese Cheddar',52000,NULL,'Hanya untuk kamu! Harga spesial untuk menu 2 Pcs Fried Chicken Hot Nashville Rice Set FREE Cheese Cheddar favoritmu!',10,10),(704,'Chicken Biryani Bowl + Papadum',44000,NULL,'Diskon Spesial 4 tahun Accha dengan Accha4You! Nikmati Menu Chicken Biryani Bowl + Papadum',15,10),(705,'Aburi Gyudon + Teriyaki Gyudon Regular',79900,NULL,'Khusus hari ini! promo menu best seller Aburi Gyudon & Teriyaki Gyudon nikmat HEMAT cuma di San Gyu',19,10),(706,'2 pcs Fried Chicken Hot Nashville Rice Set',52000,NULL,'Ayam goreng dengan saus Nashville yang pedasnya smokey dari cayenne pepper yang bikin kamu ketagihan. Dilengkapi dengan nasi putih',6,10),(707,'5 pcs Chicken Wings Hot Nashville A La Carte',50000,NULL,'Sayap ayam goreng dengan saus Nashville yang pedasnya smokey dari cayenne pepper yang bikin ketagihan! Cocok untuk snack time!',8,10),(708,'2 pcs Fried Chicken Fire Mala Rice Set',52000,NULL,'Ayam goreng dengan saus Mala yang pedasnya mengigit dan aromatik. Dilengkapi dengan nasi putih',1,10),(709,'5 pcs Chicken Wings Fire Mala A La Carte',50000,NULL,'Sayap ayam goreng dengan saus Mala yang pedasnya mengigit dan aromatik. Cocok untuk snack time!',17,10),(710,'Chicken Kofta Biryani Rice Bowl (Contain: Bakso Ayam, Nasi Biryani)',44900,NULL,'Nasi Basmati yang dimasak pake rempah citarasa tinggi khas India dan Chicken Kofta (Bakso Ayam khas India) yang gurihnya bikin Bu Sisca Soewitomo pengen nyobain juga!',25,10),(711,'Chicken Biryani Rice Bowl (Contain: Ayam Kari, Nasi Biryani)',47900,NULL,'Nasi Basmati dimasak pake rempah spesial khas India, dan potongan daging ayam yang dimarinasi sampe kamu lupa kalo kamu di Indonesia, bukan di India. Makin enak pake saus Yogurt.',25,10),(712,'2 Pcs Accha Fried Chicken Biryani Rice Set',69900,NULL,'Perpaduan paling yahud dari nasi biryani dan ayam goreng juicy dengan saus rempah yang gurih dan aromatik khas ACCHA.',22,10),(713,'1 Pc Accha Fried Chicken Rice Set',35900,NULL,'Potongan ayam goreng juicy dengan saus rempah yang gurih dan aromatik khas ACCHA ditambah dengan nasi putih hangat.',0,10),(714,'5 Pcs Accha Chicken Wings Rice Set',59400,NULL,'Chicken Wings juicy dengan saus rempah yang gurih dan aromatik khas ACCHA, dihidangkan dengan nasi hangat.',7,10),(715,'3 Pcs Accha Chicken Wings Biryani Rice Set',53000,NULL,'Perpaduan paling yahud dari nasi biryani dan Chicken Wings juicy dengan saus rempah gurih dan aromatik khas ACCHA.',17,10),(716,'Butter Chicken + Naan (Contain: Ayam Tikka)',45900,NULL,'Smooth like butter~ (Halo BTS, gak mau collab??) Potongan ayam panggang dicampur kuah kari tomat spesial & saus butter yang creamy abis! Disajikan sama roti naan khas India.',14,10),(717,'Chicken Tikka Masala + Naan (Contain: Ayam Tikka)',45900,NULL,'Buat pecinta pedes, tanpa takut kena masala(h) perut! Potongan ayam dipanggang gaya tikka pake saus rahasia, ditambah kuah kari rempah spesial. Disajikan sama roti naan khas India.',30,10),(718,'Butter Chicken Big Bowl (Contain: Ayam Tikka)',69900,NULL,'Potongan ayam yang juicy dimasak sama bumbu kari tomat dan butter yang creamy dan smooth abisss~ cocok buat dimakan berdua! Cocok buat dimakan ramean!',15,10),(719,'Chicken Tikka Masala Big Bowl (Contain: Ayam Tikka)',69900,NULL,'Potongan ayam dimarinasi dan dipanggang gaya tikka dalam kuah kari yang spesial dari ACCHA! Cocok buat dimakan berdua! Cocok buat dimakan ramean!',16,10),(720,'2 Pcs Moon Fried Chicken Ala Carte',44000,NULL,'Pilih 1 rasa',21,10),(721,'6 Pcs Moon Fried Chicken Ala Carte',126000,NULL,'6 Pcs Moon Fried Chicken. Pilih 2 rasa',26,10),(722,'1 Pc Moon Fried Chicken Rice Set',34000,NULL,'1 Pc Moon Fried Chicken + Nasi. Pilih 1 rasa',2,10),(723,'2 Pcs Moon Fried Chicken Rice Set',51000,NULL,'2 Pcs Moon Fried Chicken + Nasi. Pilih 1 rasa',12,10),(724,'5 Pcs Korean Chicken Wings',47000,NULL,'5 Pcs Korean Chicken Wings. Pilih 1 rasa',9,10),(725,'20 Pcs Korean Chicken Wings',170000,NULL,'Pilih 4 rasa',9,10),(726,'10 Pcs Korean Chicken Wings Rice Set',93000,NULL,'10 Pcs Korean Chicken Wings + Nasi. Pilih 2 rasa',26,10),(727,'Meteor Chicken Rice',46500,NULL,'Popcorn Chicken (boneless) + Nasi + Telur Mata Sapi + Extra Mayo. Pilih 1 rasa',25,10),(728,'XL Meteor Chicken (Chicken Only, 2x Portion)',68500,NULL,'2x porsi Popcorn Chicken (boneless) + Extra Mayo. Pilih 1 rasa',9,10),(729,'Moon Mandu (Moon Snack)',30000,NULL,'5pcs Mandu goreng Korea isi ayam dan sayur cincang.',3,10),(730,'Korean Chicken Skin (Moon Snack)',30000,NULL,'Kulit ayam garing dengan Flavors of the Galaxy. Pilih 1 rasa',10,10),(731,'Ayam Geprek Nasi Wangi Sambal Original',28900,NULL,'Nasi Wangi TerENAK Sejagat Raya (agak pedes ya). Makannya pake Ayam Koplo Sambel Original dicampur sama Telur Orak-Arik, Serundeng, dan Kremesan (alat makan hanya disediakan berdasarkan permintaan)',26,10),(732,'Ayam Geprek Nasi Wangi Sambal Matah',28900,NULL,'Nasi Wangi Paling JUARA (agak pedes ya). Pake Ayam Koplo Sambel Matah Campuran Tiga Diva Bawang, Cabe, dan Daun Jeruk (alat makan hanya disediakan berdasarkan permintaan)',14,10),(733,'Ayam Geprek Sambal Ori. Mozza',34400,NULL,'Paket Nasi + Ayam Khas Ayam Koplo Pake Keju Mozza Meler-Meler Enak Suer! (alat makan hanya disediakan berdasarkan permintaan)',6,10),(734,'Aburi Gyudon (Beef Rice Bowl)',52000,NULL,'Menu Beef Gyudon ala San Gyu, menggunakan 100% daging sapi US Premium yang sedikit dibakar, memberikan kamu sensasi smokey yang nikmat di porsi menu makan mu. (alat makan diberikan saat request).',7,10),(735,'Teriyaki Gyudon (Beef Rice Bowl)',56000,NULL,'Menu favorit Beef Gyudon Teriyaki ala San Gyu menggunakan 100% daging sapi US Premium & dengan bahan-bahan terbaik.',8,10),(736,'Combo Don (Beef Rice Bowl)',56000,NULL,'Menu Beef Gyudon dengan 2 rasa daging yang berbeda, menggunakan 100% daging sapi US Premium bikin waktu makan mu jadi lebih nikmat & seru (alat makan diberikan saat request).',20,10),(737,'Tori Steak Teriyaki Don (Chicken Rice Bowl)',44000,NULL,'Steak ayam panggang, dipadukan dengan saus Teriyaki Jepang yang autentik.',5,10),(738,'Tori Steak Hickory Smoke Don (Chicken Rice Bowl)',44000,NULL,'Steak ayam panggang dipadukan dengan saus smokey, manis, dan tajam',5,10),(739,'Curry Tori Katsu Don (Chicken Rice Bowl)',46000,NULL,'Ayam katsu dengan saus Kari disajikan dengan nasi khas Jepang',4,10),(740,'Mentai Tori Katsu Don (Chicken Rice Bowl)',38000,NULL,'Ayam katsu dengan saus Mentai yang sedikit dibakar dan tobiko, disajikan dengan nasi khas Jepang',15,10),(741,'Favorite Onigiri Bento A',59900,NULL,'Bento dengan isian tori mayo + campuran Agemono (Egg Chicken Roll, Tori Ball, Shrimp Roll) dengan onigiri yang berbumbu dan salad.',26,10),(742,'Favorite Onigiri Bento B',59900,NULL,'Bento dengan isian tori katsu + campuran Agemono (Egg Chicken Roll, Tori Ball, Shrimp Roll) dengan Onigiri yang berbumbu dan salad.',26,10),(743,'Premium Onigiri Bento A',79000,NULL,'Bento dengan isian Onigiri berbumbu, Gyudon dan Tori mayo pilihanmu. Disajikan dengan salad.',5,10),(744,'Premium Onigiri Bento B',64900,NULL,'Bento dengan isian Onigiri berbumbu, Tori Mayo dan Tori Katsu pilihanmu. Disajikan dengan salad.',16,10),(745,'Agemono A (Value Meal Bento)',35500,NULL,'Perpaduan 2 Egg Roll + 2 Tori Ball disajikan dengan Nasi Jepang dan salad.',18,10),(746,'Agemono B (Value Meal Bento)',35500,NULL,'Perpaduan 2 Shrimp Roll + 2 Tori Ball disajikan nasi Jepang dan salad.',15,10),(747,'Agemono C (Value Meal Bento)',35500,NULL,'Perpaduan 2 Shrimp Roll + 2 Egg Chicken Roll disajikan dengan nasi Jepang dan salad',18,10),(748,'Wai Pad Thai (Kwetiau Goreng Thailand)',45000,NULL,'Kwetiau khas Thailand dengan topping potongan bakso seafood, tauge, dan telur orak arik.',5,10),(749,'Tomyum Khao Pad (Fried Rice/Nasi Goreng)',35000,NULL,'Nasi goreng Tom Yum ala Thai yang segar, asam, dan sedikit pedas. Dengan topping bakso seafood dan telur mata sapi. Level kepedasan: 1',8,10),(750,'Tomyum Gai Grob (Crispy Chicken Rice Bowl)',42000,NULL,'Popcorn chicken dengan saus andalan dari Thailand, ledakan kesegaran pedas dan asam yang aromatik dari cabai, jahe, asam, dan tomat.',13,10),(751,'Green Curry Gai Grob (Crispy Chicken Rice Bowl)',42000,NULL,'Popcorn chicken dengan saus kari khas thailand yang gurih dan creamy. Bisa pilih nasi favorite mu!',26,10),(752,'Thai Sweet & Sour Gai Grob (Crispy Chicken Rice Bowl)',42000,NULL,'Popcorn Chicken dengan saus asam manis khas Thailand. Level kepedasan: 1. Bisa pilih nasi favorite mu!',14,10),(753,'Pop Bowl',22000,NULL,'Rice bowl ayam goreng dengan saus yang bisa kamu pilih, dilengkapi telur orak arik',8,10),(754,'Nasi Kulit Renyah Idolaku',19400,NULL,'Nasi kulit renyah, se-renyah jokes Bapack2. Kulit yang gurih dipadu dengan telur orak-arik dan sambal khas Indonesia. Makin komplit dengan taburan serundeng!',26,10),(755,'Mini Lukchin Gai (Bakso Ayam Tanpa Nasi)',20000,NULL,'3 Pcs Chicken Meatballs yang lembut dan gurih',19,10),(756,'Extra Japanese Spicy Nori Rice',15000,NULL,'Nasi Jepang lembut yang dibumbui dengan rumput laut, wijen dan bubuk cabai.',30,10),(757,'Extra Japanese Nori Rice',14000,NULL,'Nasi yang dibumbui dengan rumput laut dan wijen.',18,10),(758,'Extra Nasi Wangi',9900,NULL,'Nasi wangi bumbu spesial Koplo. Wangi-wangi pedes-pedes gimana gitu. Pokoknya manteubh!',13,10),(759,'Plain Biryani Bowl',39900,NULL,'Nasi Basmati dimasak pake rempah spesial khas India',29,10),(760,'White Rice',6000,NULL,'Extra porsi nasi putih',6,10),(761,'Basmati Rice',18000,NULL,'Extra porsi nasi basmati, nasi khas India',9,10),(762,'Butter Naan',17900,NULL,'Roti panggang khas India yang dioles mentega spesial.',8,10),(763,'Papadum (Kerupuk India)',10000,NULL,'Kerupuk ala India yang gurih. Hati-hati bikin nagih!',18,10),(764,'Mint Chutney',5000,NULL,'Saus nikmat khas India. Campuran cilantro, mint, dan rempah spesial yang membuat makananmu makin enak!',11,10),(765,'Yoghurt Sauce',5000,NULL,'Saus kombinasi yogurt dan rempah spesial yang cocok bikin makanan makin enak!',6,10),(766,'Teman Makan',15000,NULL,'Pink Lemonade Tea',17,10),(767,'Korean Strawberry Milk',15000,NULL,'Es susu strawberry ala Korea yang fruity dan creamy. Cocok untuk penyuka minuman manis',2,10),(768,'Premium Series',15000,NULL,'Tulis di note Custom Message. Template : Dari : [X] Pada : [X] Pesan : [max. 50 karakter]',12,10),(769,'Es Kopi Susu Gula Aren',17500,NULL,'Perpaduan kopi espresso dengan susu creamy dan gula aren premium yang kaya akan rasa',29,10),(770,'Blonde Creamy Latte',15000,NULL,'Minuman non-Coffee unik khas Dari Pada, campuran susu creamy dan gula aren premium yang kaya akan rasa',5,10),(771,'5 pcs Chicken Wings Hot Nashville A La Carte',50000,NULL,'Sayap ayam goreng dengan saus Nashville yang pedasnya smokey dari cayenne pepper yang bikin ketagihan! Cocok untuk snack time!',4,11),(772,'2 Pcs Moon Fried Chicken Jumeokbap Rice Set',50000,NULL,'Hanya untuk kamu! Harga spesial untuk menu 2 Pcs Moon Fried Chicken Jumeokbap Rice Set favoritmu!',30,11),(773,'Chicken Biryani Bowl + Papadum',44000,NULL,'Diskon Spesial 4 tahun Accha dengan Accha4You! Nikmati Menu Chicken Biryani Bowl + Papadum',14,11),(774,'Butter Chicken Big Bowl (Contain: Ayam Tikka)',69900,NULL,'Potongan ayam yang juicy dimasak sama bumbu kari tomat dan butter yang creamy dan smooth abisss~ cocok buat dimakan berdua! Cocok buat dimakan ramean!',19,12),(775,'2 Pcs Moon Fried Chicken Rice Set',51000,NULL,'2 Pcs Moon Fried Chicken + Nasi. Pilih 1 rasa',28,12),(776,'Korean Strawberry Milk',15000,NULL,'Es susu strawberry ala Korea yang fruity dan creamy. Cocok untuk penyuka minuman manis',16,12),(777,'2 pcs Fried Chicken Fire Mala Rice Set',52000,NULL,'Ayam goreng dengan saus Mala yang pedasnya mengigit dan aromatik. Dilengkapi dengan nasi putih',11,13),(778,'Agemono A (Value Meal Bento)',35500,NULL,'Perpaduan 2 Egg Roll + 2 Tori Ball disajikan dengan Nasi Jepang dan salad.',30,13),(779,'2 pcs Fried Chicken Fire Mala Rice Set',52000,NULL,'Ayam goreng dengan saus Mala yang pedasnya mengigit dan aromatik. Dilengkapi dengan nasi putih',16,13),(780,'5 Pcs Accha Chicken Wings Rice Set',59400,NULL,'Chicken Wings juicy dengan saus rempah yang gurih dan aromatik khas ACCHA, dihidangkan dengan nasi hangat.',25,14),(781,'1 Pc Accha Fried Chicken Rice Set',35900,NULL,'Potongan ayam goreng juicy dengan saus rempah yang gurih dan aromatik khas ACCHA ditambah dengan nasi putih hangat.',7,14),(782,'Thai Sweet & Sour Gai Grob (Crispy Chicken Rice Bowl)',42000,NULL,'Popcorn Chicken dengan saus asam manis khas Thailand. Level kepedasan: 1. Bisa pilih nasi favorite mu!',14,14),(783,'Moon Mandu (Moon Snack)',30000,NULL,'5pcs Mandu goreng Korea isi ayam dan sayur cincang.',15,15),(784,'6 Pcs Moon Fried Chicken Ala Carte',126000,NULL,'6 Pcs Moon Fried Chicken. Pilih 2 rasa',9,15),(785,'2 pcs Fried Chicken Hot Nashville Rice Set',52000,NULL,'Ayam goreng dengan saus Nashville yang pedasnya smokey dari cayenne pepper yang bikin kamu ketagihan. Dilengkapi dengan nasi putih',1,15),(786,'2 Pcs Accha Fried Chicken Biryani Rice Set',69900,NULL,'Perpaduan paling yahud dari nasi biryani dan ayam goreng juicy dengan saus rempah yang gurih dan aromatik khas ACCHA.',8,16),(787,'2 Pcs Accha Fried Chicken Biryani Rice Set',69900,NULL,'Perpaduan paling yahud dari nasi biryani dan ayam goreng juicy dengan saus rempah yang gurih dan aromatik khas ACCHA.',24,16),(788,'2 Ayam Goreng Penyet Korek Jontor FREE 2 Es Teh Manis',57000,NULL,'Hanya untuk kamu! Harga spesial untuk menu 2 Ayam Goreng Penyet Korek Jontor FREE 2 Es Teh Manis favoritmu!',16,16),(789,'2 Pcs Moon Fried Chicken Ala Carte',44000,NULL,'Pilih 1 rasa',4,17),(790,'Teriyaki Gyudon (Beef Rice Bowl)',56000,NULL,'Menu favorit Beef Gyudon Teriyaki ala San Gyu menggunakan 100% daging sapi US Premium & dengan bahan-bahan terbaik.',29,17),(791,'Chicken Tikka Masala Big Bowl (Contain: Ayam Tikka)',69900,NULL,'Potongan ayam dimarinasi dan dipanggang gaya tikka dalam kuah kari yang spesial dari ACCHA! Cocok buat dimakan berdua! Cocok buat dimakan ramean!',11,17),(792,'Ayam Geprek Sambal Ori. Mozza',34400,NULL,'Paket Nasi + Ayam Khas Ayam Koplo Pake Keju Mozza Meler-Meler Enak Suer! (alat makan hanya disediakan berdasarkan permintaan)',9,18),(793,'1 Pc Accha Fried Chicken Rice Set',35900,NULL,'Potongan ayam goreng juicy dengan saus rempah yang gurih dan aromatik khas ACCHA ditambah dengan nasi putih hangat.',4,18),(794,'White Rice',6000,NULL,'Extra porsi nasi putih',4,18),(795,'20 Pcs Korean Chicken Wings',170000,NULL,'Pilih 4 rasa',10,19),(796,'Ayam Geprek Nasi Wangi Sambal Original',28900,NULL,'Nasi Wangi TerENAK Sejagat Raya (agak pedes ya). Makannya pake Ayam Koplo Sambel Original dicampur sama Telur Orak-Arik, Serundeng, dan Kremesan (alat makan hanya disediakan berdasarkan permintaan)',22,19),(797,'2 Ayam Goreng Penyet (Korek Jontor + Kecombrang)',45000,NULL,'Hanya untuk kamu! Harga spesial untuk menu 2 Ayam Goreng Penyet (Korek Jontor + Kecombrang) favoritmu!',16,19),(798,'Plain Biryani Bowl',39900,NULL,'Nasi Basmati dimasak pake rempah spesial khas India',12,20),(799,'Papadum (Kerupuk India)',10000,NULL,'Kerupuk ala India yang gurih. Hati-hati bikin nagih!',16,20),(800,'Aburi Gyudon + Teriyaki Gyudon Regular',79900,NULL,'Khusus hari ini! promo menu best seller Aburi Gyudon & Teriyaki Gyudon nikmat HEMAT cuma di San Gyu',25,20),(801,'Tomyum Gai Grob (Crispy Chicken Rice Bowl)',42000,NULL,'Popcorn chicken dengan saus andalan dari Thailand, ledakan kesegaran pedas dan asam yang aromatik dari cabai, jahe, asam, dan tomat.',25,21),(802,'10 Pcs Korean Chicken Wings Rice Set',93000,NULL,'10 Pcs Korean Chicken Wings + Nasi. Pilih 2 rasa',24,21),(803,'Extra Japanese Nori Rice',14000,NULL,'Nasi yang dibumbui dengan rumput laut dan wijen.',7,21),(804,'2 Pcs Moon Fried Chicken Ala Carte',44000,NULL,'Pilih 1 rasa',16,22),(805,'Korean Strawberry Milk',15000,NULL,'Es susu strawberry ala Korea yang fruity dan creamy. Cocok untuk penyuka minuman manis',17,22),(806,'Butter Chicken Big Bowl (Contain: Ayam Tikka)',69900,NULL,'Potongan ayam yang juicy dimasak sama bumbu kari tomat dan butter yang creamy dan smooth abisss~ cocok buat dimakan berdua! Cocok buat dimakan ramean!',6,22),(807,'Ayam Geprek Nasi Wangi Sambal Original',28900,NULL,'Nasi Wangi TerENAK Sejagat Raya (agak pedes ya). Makannya pake Ayam Koplo Sambel Original dicampur sama Telur Orak-Arik, Serundeng, dan Kremesan (alat makan hanya disediakan berdasarkan permintaan)',23,23),(808,'Chicken Kofta Biryani Rice Bowl (Contain: Bakso Ayam, Nasi Biryani)',44900,NULL,'Nasi Basmati yang dimasak pake rempah citarasa tinggi khas India dan Chicken Kofta (Bakso Ayam khas India) yang gurihnya bikin Bu Sisca Soewitomo pengen nyobain juga!',27,23),(809,'2 Ayam Goreng Penyet Korek Jontor FREE 2 Es Teh Manis',57000,NULL,'Hanya untuk kamu! Harga spesial untuk menu 2 Ayam Goreng Penyet Korek Jontor FREE 2 Es Teh Manis favoritmu!',5,23),(810,'2 pcs Fried Chicken Fire Mala Rice Set',52000,NULL,'Ayam goreng dengan saus Mala yang pedasnya mengigit dan aromatik. Dilengkapi dengan nasi putih',17,24),(811,'Tomyum Khao Pad (Fried Rice/Nasi Goreng)',35000,NULL,'Nasi goreng Tom Yum ala Thai yang segar, asam, dan sedikit pedas. Dengan topping bakso seafood dan telur mata sapi. Level kepedasan: 1',27,24),(812,'Ayam Geprek Nasi Wangi Sambal Original',28900,NULL,'Nasi Wangi TerENAK Sejagat Raya (agak pedes ya). Makannya pake Ayam Koplo Sambel Original dicampur sama Telur Orak-Arik, Serundeng, dan Kremesan (alat makan hanya disediakan berdasarkan permintaan)',23,24),(813,'20 Pcs Korean Chicken Wings',170000,NULL,'Pilih 4 rasa',14,25),(814,'Basmati Rice',18000,NULL,'Extra porsi nasi basmati, nasi khas India',27,25),(815,'Plain Biryani Bowl',39900,NULL,'Nasi Basmati dimasak pake rempah spesial khas India',30,25),(816,'Teriyaki Gyudon (Beef Rice Bowl)',56000,NULL,'Menu favorit Beef Gyudon Teriyaki ala San Gyu menggunakan 100% daging sapi US Premium & dengan bahan-bahan terbaik.',0,26),(817,'1 Pc Moon Fried Chicken Rice Set',34000,NULL,'1 Pc Moon Fried Chicken + Nasi. Pilih 1 rasa',24,26),(818,'Favorite Onigiri Bento B',59900,NULL,'Bento dengan isian tori katsu + campuran Agemono (Egg Chicken Roll, Tori Ball, Shrimp Roll) dengan Onigiri yang berbumbu dan salad.',4,26),(819,'Mentai Tori Katsu Don (Chicken Rice Bowl)',38000,NULL,'Ayam katsu dengan saus Mentai yang sedikit dibakar dan tobiko, disajikan dengan nasi khas Jepang',24,27),(820,'1 Pc Accha Fried Chicken Rice Set',35900,NULL,'Potongan ayam goreng juicy dengan saus rempah yang gurih dan aromatik khas ACCHA ditambah dengan nasi putih hangat.',1,27),(821,'Tomyum Khao Pad (Fried Rice/Nasi Goreng)',35000,NULL,'Nasi goreng Tom Yum ala Thai yang segar, asam, dan sedikit pedas. Dengan topping bakso seafood dan telur mata sapi. Level kepedasan: 1',5,27),(822,'5 pcs Chicken Wings Hot Nashville A La Carte',50000,NULL,'Sayap ayam goreng dengan saus Nashville yang pedasnya smokey dari cayenne pepper yang bikin ketagihan! Cocok untuk snack time!',22,28),(823,'White Rice',6000,NULL,'Extra porsi nasi putih',19,28),(824,'Agemono A (Value Meal Bento)',35500,NULL,'Perpaduan 2 Egg Roll + 2 Tori Ball disajikan dengan Nasi Jepang dan salad.',5,28),(825,'6 Pcs Moon Fried Chicken Ala Carte',126000,NULL,'6 Pcs Moon Fried Chicken. Pilih 2 rasa',6,29),(826,'Tori Steak Hickory Smoke Don (Chicken Rice Bowl)',44000,NULL,'Steak ayam panggang dipadukan dengan saus smokey, manis, dan tajam',29,29),(827,'Ayam Geprek Sambal Ori. Mozza',34400,NULL,'Paket Nasi + Ayam Khas Ayam Koplo Pake Keju Mozza Meler-Meler Enak Suer! (alat makan hanya disediakan berdasarkan permintaan)',19,29),(828,'3 Pcs Accha Chicken Wings Biryani Rice Set',53000,NULL,'Perpaduan paling yahud dari nasi biryani dan Chicken Wings juicy dengan saus rempah gurih dan aromatik khas ACCHA.',7,30),(829,'Moon Mandu (Moon Snack)',30000,NULL,'5pcs Mandu goreng Korea isi ayam dan sayur cincang.',4,30),(830,'Moon Mandu (Moon Snack)',30000,NULL,'5pcs Mandu goreng Korea isi ayam dan sayur cincang.',7,30),(831,'Tori Steak Teriyaki Don (Chicken Rice Bowl)',44000,NULL,'Steak ayam panggang, dipadukan dengan saus Teriyaki Jepang yang autentik.',4,31),(832,'2 Ayam Goreng Penyet (Korek Jontor + Kecombrang)',45000,NULL,'Hanya untuk kamu! Harga spesial untuk menu 2 Ayam Goreng Penyet (Korek Jontor + Kecombrang) favoritmu!',4,31),(833,'Chicken Tikka Masala + Naan (Contain: Ayam Tikka)',45900,NULL,'Buat pecinta pedes, tanpa takut kena masala(h) perut! Potongan ayam dipanggang gaya tikka pake saus rahasia, ditambah kuah kari rempah spesial. Disajikan sama roti naan khas India.',30,31),(834,'5 pcs Chicken Wings Hot Nashville A La Carte',50000,NULL,'Sayap ayam goreng dengan saus Nashville yang pedasnya smokey dari cayenne pepper yang bikin ketagihan! Cocok untuk snack time!',11,32),(835,'Extra Japanese Spicy Nori Rice',15000,NULL,'Nasi Jepang lembut yang dibumbui dengan rumput laut, wijen dan bubuk cabai.',18,32),(836,'Chicken Kofta Biryani Rice Bowl (Contain: Bakso Ayam, Nasi Biryani)',44900,NULL,'Nasi Basmati yang dimasak pake rempah citarasa tinggi khas India dan Chicken Kofta (Bakso Ayam khas India) yang gurihnya bikin Bu Sisca Soewitomo pengen nyobain juga!',14,32),(837,'Extra Nasi Wangi',9900,NULL,'Nasi wangi bumbu spesial Koplo. Wangi-wangi pedes-pedes gimana gitu. Pokoknya manteubh!',16,33),(838,'Extra Japanese Spicy Nori Rice',15000,NULL,'Nasi Jepang lembut yang dibumbui dengan rumput laut, wijen dan bubuk cabai.',11,33),(839,'20 Pcs Korean Chicken Wings',170000,NULL,'Pilih 4 rasa',9,33),(840,'Extra Japanese Nori Rice',14000,NULL,'Nasi yang dibumbui dengan rumput laut dan wijen.',28,34),(841,'Favorite Onigiri Bento A',59900,NULL,'Bento dengan isian tori mayo + campuran Agemono (Egg Chicken Roll, Tori Ball, Shrimp Roll) dengan onigiri yang berbumbu dan salad.',13,34),(842,'Agemono A (Value Meal Bento)',35500,NULL,'Perpaduan 2 Egg Roll + 2 Tori Ball disajikan dengan Nasi Jepang dan salad.',3,34),(843,'Favorite Onigiri Bento A',59900,NULL,'Bento dengan isian tori mayo + campuran Agemono (Egg Chicken Roll, Tori Ball, Shrimp Roll) dengan onigiri yang berbumbu dan salad.',6,35),(844,'Favorite Onigiri Bento A + Favorite Onigiri Bento B',99000,NULL,'Hanya untuk kamu! Harga spesial untuk menu combo Favorite Onigiri Bento A + Favorite Onigiri Bento B!',17,35),(845,'Chicken Kofta Biryani Rice Bowl (Contain: Bakso Ayam, Nasi Biryani)',44900,NULL,'Nasi Basmati yang dimasak pake rempah citarasa tinggi khas India dan Chicken Kofta (Bakso Ayam khas India) yang gurihnya bikin Bu Sisca Soewitomo pengen nyobain juga!',13,35),(846,'Favorite Onigiri Bento B',59900,NULL,'Bento dengan isian tori katsu + campuran Agemono (Egg Chicken Roll, Tori Ball, Shrimp Roll) dengan Onigiri yang berbumbu dan salad.',14,36),(847,'Blonde Creamy Latte',15000,NULL,'Minuman non-Coffee unik khas Dari Pada, campuran susu creamy dan gula aren premium yang kaya akan rasa',19,36),(848,'Tomyum Khao Pad (Fried Rice/Nasi Goreng)',35000,NULL,'Nasi goreng Tom Yum ala Thai yang segar, asam, dan sedikit pedas. Dengan topping bakso seafood dan telur mata sapi. Level kepedasan: 1',24,36),(849,'Aburi Gyudon (Beef Rice Bowl)',52000,NULL,'Menu Beef Gyudon ala San Gyu, menggunakan 100% daging sapi US Premium yang sedikit dibakar, memberikan kamu sensasi smokey yang nikmat di porsi menu makan mu. (alat makan diberikan saat request).',25,37),(850,'2 Pcs Fried Chicken Hot Nashville Rice Set FREE Cheese Cheddar',52000,NULL,'Hanya untuk kamu! Harga spesial untuk menu 2 Pcs Fried Chicken Hot Nashville Rice Set FREE Cheese Cheddar favoritmu!',23,37),(851,'Yoghurt Sauce',5000,NULL,'Saus kombinasi yogurt dan rempah spesial yang cocok bikin makanan makin enak!',5,37),(852,'5 pcs Chicken Wings Hot Nashville A La Carte',50000,NULL,'Sayap ayam goreng dengan saus Nashville yang pedasnya smokey dari cayenne pepper yang bikin ketagihan! Cocok untuk snack time!',6,38),(853,'Chicken Tikka Masala Big Bowl (Contain: Ayam Tikka)',69900,NULL,'Potongan ayam dimarinasi dan dipanggang gaya tikka dalam kuah kari yang spesial dari ACCHA! Cocok buat dimakan berdua! Cocok buat dimakan ramean!',11,38),(854,'Korean Chicken Skin (Moon Snack)',30000,NULL,'Kulit ayam garing dengan Flavors of the Galaxy. Pilih 1 rasa',19,38),(855,'Teriyaki Gyudon (Beef Rice Bowl)',56000,NULL,'Menu favorit Beef Gyudon Teriyaki ala San Gyu menggunakan 100% daging sapi US Premium & dengan bahan-bahan terbaik.',17,39),(856,'Chicken Kofta Biryani Rice Bowl (Contain: Bakso Ayam, Nasi Biryani)',44900,NULL,'Nasi Basmati yang dimasak pake rempah citarasa tinggi khas India dan Chicken Kofta (Bakso Ayam khas India) yang gurihnya bikin Bu Sisca Soewitomo pengen nyobain juga!',29,39),(857,'Premium Onigiri Bento A',79000,NULL,'Bento dengan isian Onigiri berbumbu, Gyudon dan Tori mayo pilihanmu. Disajikan dengan salad.',14,39),(858,'Chicken Tikka Masala Big Bowl (Contain: Ayam Tikka)',69900,NULL,'Potongan ayam dimarinasi dan dipanggang gaya tikka dalam kuah kari yang spesial dari ACCHA! Cocok buat dimakan berdua! Cocok buat dimakan ramean!',8,40),(859,'Plain Biryani Bowl',39900,NULL,'Nasi Basmati dimasak pake rempah spesial khas India',26,40),(860,'2 Pcs Fried Chicken Hot Nashville Rice Set FREE Cheese Cheddar',52000,NULL,'Hanya untuk kamu! Harga spesial untuk menu 2 Pcs Fried Chicken Hot Nashville Rice Set FREE Cheese Cheddar favoritmu!',3,40),(861,'Teman Makan',15000,NULL,'Pink Lemonade Tea',29,41),(862,'2 pcs Fried Chicken Hot Nashville Rice Set',52000,NULL,'Ayam goreng dengan saus Nashville yang pedasnya smokey dari cayenne pepper yang bikin kamu ketagihan. Dilengkapi dengan nasi putih',2,41),(863,'2 pcs Fried Chicken Hot Nashville Rice Set',52000,NULL,'Ayam goreng dengan saus Nashville yang pedasnya smokey dari cayenne pepper yang bikin kamu ketagihan. Dilengkapi dengan nasi putih',20,41),(864,'Meteor Chicken Rice',46500,NULL,'Popcorn Chicken (boneless) + Nasi + Telur Mata Sapi + Extra Mayo. Pilih 1 rasa',17,42),(865,'Favorite Onigiri Bento A + Favorite Onigiri Bento B',99000,NULL,'Hanya untuk kamu! Harga spesial untuk menu combo Favorite Onigiri Bento A + Favorite Onigiri Bento B!',25,42),(866,'Korean Strawberry Milk',15000,NULL,'Es susu strawberry ala Korea yang fruity dan creamy. Cocok untuk penyuka minuman manis',1,42),(867,'6 Pcs Moon Fried Chicken Ala Carte',126000,NULL,'6 Pcs Moon Fried Chicken. Pilih 2 rasa',2,43),(868,'Yoghurt Sauce',5000,NULL,'Saus kombinasi yogurt dan rempah spesial yang cocok bikin makanan makin enak!',26,43),(869,'Moon Mandu (Moon Snack)',30000,NULL,'5pcs Mandu goreng Korea isi ayam dan sayur cincang.',7,43),(870,'Premium Onigiri Bento A',79000,NULL,'Bento dengan isian Onigiri berbumbu, Gyudon dan Tori mayo pilihanmu. Disajikan dengan salad.',10,44),(871,'Moon Mandu (Moon Snack)',30000,NULL,'5pcs Mandu goreng Korea isi ayam dan sayur cincang.',27,44),(872,'Papadum (Kerupuk India)',10000,NULL,'Kerupuk ala India yang gurih. Hati-hati bikin nagih!',5,44),(873,'Favorite Onigiri Bento B',59900,NULL,'Bento dengan isian tori katsu + campuran Agemono (Egg Chicken Roll, Tori Ball, Shrimp Roll) dengan Onigiri yang berbumbu dan salad.',25,45),(874,'10 Pcs Korean Chicken Wings Rice Set',93000,NULL,'10 Pcs Korean Chicken Wings + Nasi. Pilih 2 rasa',14,45),(875,'Premium Series',15000,NULL,'Tulis di note Custom Message. Template : Dari : [X] Pada : [X] Pesan : [max. 50 karakter]',2,45),(876,'Extra Nasi Wangi',9900,NULL,'Nasi wangi bumbu spesial Koplo. Wangi-wangi pedes-pedes gimana gitu. Pokoknya manteubh!',21,46),(877,'Chicken Biryani Rice Bowl (Contain: Ayam Kari, Nasi Biryani)',47900,NULL,'Nasi Basmati dimasak pake rempah spesial khas India, dan potongan daging ayam yang dimarinasi sampe kamu lupa kalo kamu di Indonesia, bukan di India. Makin enak pake saus Yogurt.',4,46),(878,'XL Meteor Chicken (Chicken Only, 2x Portion)',68500,NULL,'2x porsi Popcorn Chicken (boneless) + Extra Mayo. Pilih 1 rasa',26,46),(879,'Agemono A (Value Meal Bento)',35500,NULL,'Perpaduan 2 Egg Roll + 2 Tori Ball disajikan dengan Nasi Jepang dan salad.',0,47),(880,'Mini Lukchin Gai (Bakso Ayam Tanpa Nasi)',20000,NULL,'3 Pcs Chicken Meatballs yang lembut dan gurih',25,47),(881,'Ayam Geprek Nasi Wangi Sambal Matah',28900,NULL,'Nasi Wangi Paling JUARA (agak pedes ya). Pake Ayam Koplo Sambel Matah Campuran Tiga Diva Bawang, Cabe, dan Daun Jeruk (alat makan hanya disediakan berdasarkan permintaan)',8,47),(882,'Korean Strawberry Milk',15000,NULL,'Es susu strawberry ala Korea yang fruity dan creamy. Cocok untuk penyuka minuman manis',19,48),(883,'Agemono A (Value Meal Bento)',35500,NULL,'Perpaduan 2 Egg Roll + 2 Tori Ball disajikan dengan Nasi Jepang dan salad.',14,48),(884,'Mint Chutney',5000,NULL,'Saus nikmat khas India. Campuran cilantro, mint, dan rempah spesial yang membuat makananmu makin enak!',26,48),(885,'5 pcs Chicken Wings Hot Nashville A La Carte',50000,NULL,'Sayap ayam goreng dengan saus Nashville yang pedasnya smokey dari cayenne pepper yang bikin ketagihan! Cocok untuk snack time!',18,49),(886,'Thai Sweet & Sour Gai Grob (Crispy Chicken Rice Bowl)',42000,NULL,'Popcorn Chicken dengan saus asam manis khas Thailand. Level kepedasan: 1. Bisa pilih nasi favorite mu!',22,49),(887,'2 Pcs Moon Fried Chicken Ala Carte',44000,NULL,'Pilih 1 rasa',30,49),(888,'Mini Lukchin Gai (Bakso Ayam Tanpa Nasi)',20000,NULL,'3 Pcs Chicken Meatballs yang lembut dan gurih',25,50),(889,'2 Pcs Moon Fried Chicken Jumeokbap Rice Set',50000,NULL,'Hanya untuk kamu! Harga spesial untuk menu 2 Pcs Moon Fried Chicken Jumeokbap Rice Set favoritmu!',3,50),(890,'Es Kopi Susu Gula Aren',17500,NULL,'Perpaduan kopi espresso dengan susu creamy dan gula aren premium yang kaya akan rasa',1,50),(891,'Butter Naan',17900,NULL,'Roti panggang khas India yang dioles mentega spesial.',26,51),(892,'Extra Japanese Nori Rice',14000,NULL,'Nasi yang dibumbui dengan rumput laut dan wijen.',2,51),(893,'Tomyum Khao Pad (Fried Rice/Nasi Goreng)',35000,NULL,'Nasi goreng Tom Yum ala Thai yang segar, asam, dan sedikit pedas. Dengan topping bakso seafood dan telur mata sapi. Level kepedasan: 1',7,51),(894,'Papadum (Kerupuk India)',10000,NULL,'Kerupuk ala India yang gurih. Hati-hati bikin nagih!',0,52),(895,'2 Pcs Moon Fried Chicken Jumeokbap Rice Set',50000,NULL,'Hanya untuk kamu! Harga spesial untuk menu 2 Pcs Moon Fried Chicken Jumeokbap Rice Set favoritmu!',22,52),(896,'Butter Chicken + Naan (Contain: Ayam Tikka)',45900,NULL,'Smooth like butter~ (Halo BTS, gak mau collab??) Potongan ayam panggang dicampur kuah kari tomat spesial & saus butter yang creamy abis! Disajikan sama roti naan khas India.',29,52),(897,'2 Pcs Accha Fried Chicken Biryani Rice Set',69900,NULL,'Perpaduan paling yahud dari nasi biryani dan ayam goreng juicy dengan saus rempah yang gurih dan aromatik khas ACCHA.',17,53),(898,'10 Pcs Korean Chicken Wings Rice Set',93000,NULL,'10 Pcs Korean Chicken Wings + Nasi. Pilih 2 rasa',18,53),(899,'Premium Onigiri Bento A',79000,NULL,'Bento dengan isian Onigiri berbumbu, Gyudon dan Tori mayo pilihanmu. Disajikan dengan salad.',21,53),(900,'Es Kopi Susu Gula Aren',17500,NULL,'Perpaduan kopi espresso dengan susu creamy dan gula aren premium yang kaya akan rasa',24,54),(901,'Extra Japanese Nori Rice',14000,NULL,'Nasi yang dibumbui dengan rumput laut dan wijen.',10,54),(902,'Ayam Geprek Sambal Ori. Mozza',34400,NULL,'Paket Nasi + Ayam Khas Ayam Koplo Pake Keju Mozza Meler-Meler Enak Suer! (alat makan hanya disediakan berdasarkan permintaan)',24,54),(903,'Tom Yum Fried Rice + Wai Thai Tea',44000,NULL,'Hanya untuk kamu! Harga spesial untuk menu Tom Yum Fried Rice + Wai Thai Tea favoritmu!',28,55),(904,'Extra Japanese Nori Rice',14000,NULL,'Nasi yang dibumbui dengan rumput laut dan wijen.',19,55),(905,'Extra Japanese Spicy Nori Rice',15000,NULL,'Nasi Jepang lembut yang dibumbui dengan rumput laut, wijen dan bubuk cabai.',23,55),(906,'Favorite Onigiri Bento A',59900,NULL,'Bento dengan isian tori mayo + campuran Agemono (Egg Chicken Roll, Tori Ball, Shrimp Roll) dengan onigiri yang berbumbu dan salad.',2,56),(907,'Blonde Creamy Latte',15000,NULL,'Minuman non-Coffee unik khas Dari Pada, campuran susu creamy dan gula aren premium yang kaya akan rasa',1,56),(908,'Moon Mandu (Moon Snack)',30000,NULL,'5pcs Mandu goreng Korea isi ayam dan sayur cincang.',29,56),(909,'1 Pc Moon Fried Chicken Rice Set',34000,NULL,'1 Pc Moon Fried Chicken + Nasi. Pilih 1 rasa',7,57),(910,'Tori Steak Teriyaki Don (Chicken Rice Bowl)',44000,NULL,'Steak ayam panggang, dipadukan dengan saus Teriyaki Jepang yang autentik.',27,57),(911,'Premium Onigiri Bento A',79000,NULL,'Bento dengan isian Onigiri berbumbu, Gyudon dan Tori mayo pilihanmu. Disajikan dengan salad.',23,57),(912,'Aburi Gyudon + Favorite Onigiri Bento A',88560,NULL,'Special untuk kamu! Harga spesial untuk menu Aburi Gyudon + Favorite Onigiri Bento A favoritmu',20,58),(913,'Tom Yum Fried Rice + Wai Thai Tea',44000,NULL,'Hanya untuk kamu! Harga spesial untuk menu Tom Yum Fried Rice + Wai Thai Tea favoritmu!',3,58),(914,'Butter Chicken Naan Combo + Chicken Tikka Masala Naan Combo',73710,NULL,'Menu bundle naan combo paling favorit dari ACCHA, Butter Chicken + Chicken Tikka Masala Naan Combo',10,58),(915,'Tori Steak Hickory Smoke Don (Chicken Rice Bowl)',44000,NULL,'Steak ayam panggang dipadukan dengan saus smokey, manis, dan tajam',2,59),(916,'6 Pcs Moon Fried Chicken Ala Carte',126000,NULL,'6 Pcs Moon Fried Chicken. Pilih 2 rasa',26,59),(917,'5 Pcs Korean Chicken Wings',47000,NULL,'5 Pcs Korean Chicken Wings. Pilih 1 rasa',20,59),(918,'20 Pcs Korean Chicken Wings',170000,NULL,'Pilih 4 rasa',8,60),(919,'Butter Chicken Big Bowl (Contain: Ayam Tikka)',69900,NULL,'Potongan ayam yang juicy dimasak sama bumbu kari tomat dan butter yang creamy dan smooth abisss~ cocok buat dimakan berdua! Cocok buat dimakan ramean!',5,60),(920,'1 Pc Accha Fried Chicken Rice Set',35900,NULL,'Potongan ayam goreng juicy dengan saus rempah yang gurih dan aromatik khas ACCHA ditambah dengan nasi putih hangat.',8,60),(921,'Aburi Gyudon + Teriyaki Gyudon Regular',79900,NULL,'Khusus hari ini! promo menu best seller Aburi Gyudon & Teriyaki Gyudon nikmat HEMAT cuma di San Gyu',20,61),(922,'Butter Chicken + Naan (Contain: Ayam Tikka)',45900,NULL,'Smooth like butter~ (Halo BTS, gak mau collab??) Potongan ayam panggang dicampur kuah kari tomat spesial & saus butter yang creamy abis! Disajikan sama roti naan khas India.',17,61),(923,'Mini Lukchin Gai (Bakso Ayam Tanpa Nasi)',20000,NULL,'3 Pcs Chicken Meatballs yang lembut dan gurih',15,61),(924,'2 Ayam Goreng Penyet Korek Jontor FREE 2 Es Teh Manis',57000,NULL,'Hanya untuk kamu! Harga spesial untuk menu 2 Ayam Goreng Penyet Korek Jontor FREE 2 Es Teh Manis favoritmu!',25,62),(925,'Agemono B (Value Meal Bento)',35500,NULL,'Perpaduan 2 Shrimp Roll + 2 Tori Ball disajikan nasi Jepang dan salad.',30,62),(926,'Nasi Kulit Renyah Idolaku',19400,NULL,'Nasi kulit renyah, se-renyah jokes Bapack2. Kulit yang gurih dipadu dengan telur orak-arik dan sambal khas Indonesia. Makin komplit dengan taburan serundeng!',30,62),(927,'2 Ayam Goreng Penyet (Korek Jontor + Kecombrang)',45000,NULL,'Hanya untuk kamu! Harga spesial untuk menu 2 Ayam Goreng Penyet (Korek Jontor + Kecombrang) favoritmu!',1,63),(928,'Chicken Tikka Masala Big Bowl (Contain: Ayam Tikka)',69900,NULL,'Potongan ayam dimarinasi dan dipanggang gaya tikka dalam kuah kari yang spesial dari ACCHA! Cocok buat dimakan berdua! Cocok buat dimakan ramean!',8,63),(929,'Premium Onigiri Bento B',64900,NULL,'Bento dengan isian Onigiri berbumbu, Tori Mayo dan Tori Katsu pilihanmu. Disajikan dengan salad.',19,63),(930,'Wai Pad Thai (Kwetiau Goreng Thailand)',45000,NULL,'Kwetiau khas Thailand dengan topping potongan bakso seafood, tauge, dan telur orak arik.',2,64),(931,'Butter Chicken Naan Combo + Chicken Tikka Masala Naan Combo',73710,NULL,'Menu bundle naan combo paling favorit dari ACCHA, Butter Chicken + Chicken Tikka Masala Naan Combo',10,64),(932,'Mentai Tori Katsu Don (Chicken Rice Bowl)',38000,NULL,'Ayam katsu dengan saus Mentai yang sedikit dibakar dan tobiko, disajikan dengan nasi khas Jepang',28,64),(933,'Es Kopi Susu Gula Aren',17500,NULL,'Perpaduan kopi espresso dengan susu creamy dan gula aren premium yang kaya akan rasa',28,65),(934,'Chicken Kofta Biryani Rice Bowl (Contain: Bakso Ayam, Nasi Biryani)',44900,NULL,'Nasi Basmati yang dimasak pake rempah citarasa tinggi khas India dan Chicken Kofta (Bakso Ayam khas India) yang gurihnya bikin Bu Sisca Soewitomo pengen nyobain juga!',14,65),(935,'Chicken Kofta Biryani Rice Bowl (Contain: Bakso Ayam, Nasi Biryani)',44900,NULL,'Nasi Basmati yang dimasak pake rempah citarasa tinggi khas India dan Chicken Kofta (Bakso Ayam khas India) yang gurihnya bikin Bu Sisca Soewitomo pengen nyobain juga!',6,65),(936,'Tomyum Khao Pad (Fried Rice/Nasi Goreng)',35000,NULL,'Nasi goreng Tom Yum ala Thai yang segar, asam, dan sedikit pedas. Dengan topping bakso seafood dan telur mata sapi. Level kepedasan: 1',22,66),(937,'2 Pcs Moon Fried Chicken Jumeokbap Rice Set',50000,NULL,'Hanya untuk kamu! Harga spesial untuk menu 2 Pcs Moon Fried Chicken Jumeokbap Rice Set favoritmu!',6,66),(938,'Aburi Gyudon + Favorite Onigiri Bento A',88560,NULL,'Special untuk kamu! Harga spesial untuk menu Aburi Gyudon + Favorite Onigiri Bento A favoritmu',26,66),(939,'Extra Japanese Nori Rice',14000,NULL,'Nasi yang dibumbui dengan rumput laut dan wijen.',28,67),(940,'5 Pcs Korean Chicken Wings',47000,NULL,'5 Pcs Korean Chicken Wings. Pilih 1 rasa',23,67),(941,'Combo Don (Beef Rice Bowl)',56000,NULL,'Menu Beef Gyudon dengan 2 rasa daging yang berbeda, menggunakan 100% daging sapi US Premium bikin waktu makan mu jadi lebih nikmat & seru (alat makan diberikan saat request).',24,67),(942,'Thai Sweet & Sour Gai Grob (Crispy Chicken Rice Bowl)',42000,NULL,'Popcorn Chicken dengan saus asam manis khas Thailand. Level kepedasan: 1. Bisa pilih nasi favorite mu!',25,68),(943,'Basmati Rice',18000,NULL,'Extra porsi nasi basmati, nasi khas India',7,68),(944,'Blonde Creamy Latte',15000,NULL,'Minuman non-Coffee unik khas Dari Pada, campuran susu creamy dan gula aren premium yang kaya akan rasa',15,68),(945,'Tomyum Gai Grob (Crispy Chicken Rice Bowl)',42000,NULL,'Popcorn chicken dengan saus andalan dari Thailand, ledakan kesegaran pedas dan asam yang aromatik dari cabai, jahe, asam, dan tomat.',6,69),(946,'20 Pcs Korean Chicken Wings',170000,NULL,'Pilih 4 rasa',23,69),(947,'2 Pcs Moon Fried Chicken Rice Set',51000,NULL,'2 Pcs Moon Fried Chicken + Nasi. Pilih 1 rasa',1,69),(948,'2 Pcs Fried Chicken Hot Nashville Rice Set FREE Cheese Cheddar',52000,NULL,'Hanya untuk kamu! Harga spesial untuk menu 2 Pcs Fried Chicken Hot Nashville Rice Set FREE Cheese Cheddar favoritmu!',9,70),(949,'Butter Chicken + Naan (Contain: Ayam Tikka)',45900,NULL,'Smooth like butter~ (Halo BTS, gak mau collab??) Potongan ayam panggang dicampur kuah kari tomat spesial & saus butter yang creamy abis! Disajikan sama roti naan khas India.',23,70),(950,'Teriyaki Gyudon (Beef Rice Bowl)',56000,NULL,'Menu favorit Beef Gyudon Teriyaki ala San Gyu menggunakan 100% daging sapi US Premium & dengan bahan-bahan terbaik.',5,70),(951,'10 Pcs Korean Chicken Wings Rice Set',93000,NULL,'10 Pcs Korean Chicken Wings + Nasi. Pilih 2 rasa',21,71),(952,'Papadum (Kerupuk India)',10000,NULL,'Kerupuk ala India yang gurih. Hati-hati bikin nagih!',1,71),(953,'Es Kopi Susu Gula Aren',17500,NULL,'Perpaduan kopi espresso dengan susu creamy dan gula aren premium yang kaya akan rasa',17,71),(954,'Butter Chicken Naan Combo + Chicken Tikka Masala Naan Combo',73710,NULL,'Menu bundle naan combo paling favorit dari ACCHA, Butter Chicken + Chicken Tikka Masala Naan Combo',9,72),(955,'Wai Pad Thai (Kwetiau Goreng Thailand)',45000,NULL,'Kwetiau khas Thailand dengan topping potongan bakso seafood, tauge, dan telur orak arik.',11,72),(956,'5 pcs Chicken Wings Fire Mala A La Carte',50000,NULL,'Sayap ayam goreng dengan saus Mala yang pedasnya mengigit dan aromatik. Cocok untuk snack time!',2,72),(957,'Butter Naan',17900,NULL,'Roti panggang khas India yang dioles mentega spesial.',15,73),(958,'Extra Japanese Spicy Nori Rice',15000,NULL,'Nasi Jepang lembut yang dibumbui dengan rumput laut, wijen dan bubuk cabai.',12,73),(959,'Plain Biryani Bowl',39900,NULL,'Nasi Basmati dimasak pake rempah spesial khas India',19,73),(960,'Teriyaki Gyudon (Beef Rice Bowl)',56000,NULL,'Menu favorit Beef Gyudon Teriyaki ala San Gyu menggunakan 100% daging sapi US Premium & dengan bahan-bahan terbaik.',14,74),(961,'Premium Onigiri Bento B',64900,NULL,'Bento dengan isian Onigiri berbumbu, Tori Mayo dan Tori Katsu pilihanmu. Disajikan dengan salad.',27,74),(962,'Agemono A (Value Meal Bento)',35500,NULL,'Perpaduan 2 Egg Roll + 2 Tori Ball disajikan dengan Nasi Jepang dan salad.',3,74),(963,'Yoghurt Sauce',5000,NULL,'Saus kombinasi yogurt dan rempah spesial yang cocok bikin makanan makin enak!',23,75),(964,'Favorite Onigiri Bento A + Favorite Onigiri Bento B',99000,NULL,'Hanya untuk kamu! Harga spesial untuk menu combo Favorite Onigiri Bento A + Favorite Onigiri Bento B!',20,75),(965,'Mini Lukchin Gai (Bakso Ayam Tanpa Nasi)',20000,NULL,'3 Pcs Chicken Meatballs yang lembut dan gurih',15,75),(966,'Yoghurt Sauce',5000,NULL,'Saus kombinasi yogurt dan rempah spesial yang cocok bikin makanan makin enak!',18,76),(967,'Agemono A (Value Meal Bento)',35500,NULL,'Perpaduan 2 Egg Roll + 2 Tori Ball disajikan dengan Nasi Jepang dan salad.',29,76),(968,'Agemono C (Value Meal Bento)',35500,NULL,'Perpaduan 2 Shrimp Roll + 2 Egg Chicken Roll disajikan dengan nasi Jepang dan salad',24,76),(969,'5 Pcs Korean Chicken Wings + Honey Mustard Sauce',46800,NULL,'Hanya untuk kamu! Harga spesial untuk menu 5 Pcs Korean Chicken Wings + Honey Mustard Sauce favoritmu!',28,77),(970,'Mint Chutney',5000,NULL,'Saus nikmat khas India. Campuran cilantro, mint, dan rempah spesial yang membuat makananmu makin enak!',12,77),(971,'Es Kopi Susu Gula Aren',17500,NULL,'Perpaduan kopi espresso dengan susu creamy dan gula aren premium yang kaya akan rasa',6,77),(972,'Agemono C (Value Meal Bento)',35500,NULL,'Perpaduan 2 Shrimp Roll + 2 Egg Chicken Roll disajikan dengan nasi Jepang dan salad',4,78),(973,'Es Kopi Susu Gula Aren',17500,NULL,'Perpaduan kopi espresso dengan susu creamy dan gula aren premium yang kaya akan rasa',18,78),(974,'2 Ayam Goreng Penyet (Korek Jontor + Kecombrang)',45000,NULL,'Hanya untuk kamu! Harga spesial untuk menu 2 Ayam Goreng Penyet (Korek Jontor + Kecombrang) favoritmu!',19,78),(975,'Extra Nasi Wangi',9900,NULL,'Nasi wangi bumbu spesial Koplo. Wangi-wangi pedes-pedes gimana gitu. Pokoknya manteubh!',22,79),(976,'2 pcs Fried Chicken Fire Mala Rice Set',52000,NULL,'Ayam goreng dengan saus Mala yang pedasnya mengigit dan aromatik. Dilengkapi dengan nasi putih',18,79),(977,'Teman Makan',15000,NULL,'Pink Lemonade Tea',25,79),(978,'Butter Chicken Big Bowl (Contain: Ayam Tikka)',69900,NULL,'Potongan ayam yang juicy dimasak sama bumbu kari tomat dan butter yang creamy dan smooth abisss~ cocok buat dimakan berdua! Cocok buat dimakan ramean!',30,80),(979,'5 pcs Chicken Wings Hot Nashville A La Carte',50000,NULL,'Sayap ayam goreng dengan saus Nashville yang pedasnya smokey dari cayenne pepper yang bikin ketagihan! Cocok untuk snack time!',1,80),(980,'Mini Lukchin Gai (Bakso Ayam Tanpa Nasi)',20000,NULL,'3 Pcs Chicken Meatballs yang lembut dan gurih',25,80);
/*!40000 ALTER TABLE `menu` ENABLE KEYS */;
UNLOCK TABLES;

--
-- Table structure for table `resto`
--

DROP TABLE IF EXISTS `resto`;
/*!40101 SET @saved_cs_client     = @@character_set_client */;
/*!50503 SET character_set_client = utf8mb4 */;
CREATE TABLE `resto` (
  `idResto` int NOT NULL AUTO_INCREMENT,
  `name` varchar(90) NOT NULL,
  `long` float NOT NULL,
  `lat` float NOT NULL,
  PRIMARY KEY (`idResto`)
) ENGINE=InnoDB AUTO_INCREMENT=81 DEFAULT CHARSET=utf8mb3;
/*!40101 SET character_set_client = @saved_cs_client */;

--
-- Dumping data for table `resto`
--

LOCK TABLES `resto` WRITE;
/*!40000 ALTER TABLE `resto` DISABLE KEYS */;
INSERT INTO `resto` VALUES (1,'Cikini - Jakarta Pusat',-6.19326,106.837),(2,'Harmoni - Jakarta Barat',-6.15506,106.818),(3,'Setiabudi Timur - Jakarta Selatan',-6.20823,106.825),(4,'Kemanggisan - Jakarta Barat',-6.20174,106.786),(5,'Pademangan - Jakarta Utara',-6.15501,106.8),(6,'Cempaka Mas - Jakarta Pusat',-6.16464,106.87),(7,'Grogol - Jakarta Barat',-6.15965,106.781),(8,'Pulo Gadung - Jakarta Timur',-6.18791,106.88),(9,'Senayan - Jakarta Selatan',-6.23315,106.813),(10,'Moon Chicken Station Senopati - Jakarta Selatan',-6.23465,106.811),(11,'Pluit - Jakarta Utara',-6.12226,106.787),(12,'Puri Pesanggrahan - Jakarta Barat',-6.18682,106.752),(13,'Tebet - Jakarta Selatan',-6.23824,106.859),(14,'Kelapa Gading - Jakarta Utara',-6.17083,106.902),(15,'Cipinang - Jakarta Timur',-6.2246,106.882),(16,'Permata Hijau - Jakarta Selatan',-6.23718,106.755),(17,'Kemang - Jakarta Selatan',-6.27395,106.817),(18,'PIK - Jakarta Utara',-6.2246,106.882),(19,'Jatiwaringin - Jakarta Timur',-6.24731,106.905),(20,'Taman Palem - Jakarta Barat',-6.13505,106.718),(21,'Fatmawati - Jakarta Selatan',-6.28836,106.793),(22,'Greenlake City - Tangerang',-6.24713,106.825),(23,'Bintaro Sektor 4 - Tangerang Selatan',-6.26854,106.74),(24,'Pondok Kelapa - Jakarta Timur',-6.24892,106.933),(25,'Citra 2 - Jakarta Barat',-6.15596,106.701),(26,'Ciledug - Tangerang',-6.22915,106.713),(27,'Pondok Gede - Bekasi',-6.28944,106.914),(28,'Harapan Indah - Bekasi',-6.18489,106.974),(29,'Lenteng Agung - Jakarta Selatan',-6.34014,106.818),(30,'Cinere - Depok',-6.33925,106.778),(31,'Pondok Aren - Tangerang Selatan',-6.27129,106.699),(32,'Taman Galaxy - Bekasi',-6.26502,106.97),(33,'Summarecon Bekasi - Bekasi',-6.16946,106.557),(34,'Alam Sutera - Tangerang Selatan',-6.23053,106.657),(35,'Jatiasih - Bekasi',-6.31388,106.939),(36,'Nusa Loka BSD - Tangerang Selatan',-6.26281,106.665),(37,'Pamulang - Tangerang',-6.34749,106.744),(38,'Narogong - Bekasi',-6.27627,106.988),(39,'Margonda - Depok',-6.38711,106.771),(40,'Karang Satria - Bekasi',-6.21483,107.032),(41,'Cimanggis - Depok',-6.32619,106.825),(42,'Gading Serpong - Tangerang',-6.23985,106.624),(43,'Pancoran Mas - Depok',-6.39845,106.771),(44,'BSD - Tangerang Selatan',-6.31698,106.648),(45,'Cibubur Kota - Bekasi',-6.26198,106.356),(46,'Kota Wisata - Bogor',-6.3696,106.955),(47,'Tole Iskandar - Depok',-6.40436,106.843),(48,'Grand Wisata - Bekasi',-6.24347,106.968),(49,'Tambun Selatan - Bekasi',-6.26152,107.053),(50,'Karawaci - Tangerang',-6.22428,106.589),(51,'Cibinong - Bogor',-6.4861,106.83),(52,'Lippo Cikarang - Bekasi',-6.33208,107.143),(53,'Taman Yasmin - Bogor',-6.56425,106.762),(54,'Bangbarung - Bogor',-6.58087,106.808),(55,'Cimahi - Bandung',-6.88115,107.549),(56,'Andir - Bandung',-6.9141,107.576),(57,'Dipati Ukur - Bandung',-6.89692,107.613),(58,'Ahmad Yani - Bandung',-6.89815,107.634),(59,'Kopo - Bandung',-6.95894,107.577),(60,'Mekarwangi - Bandung',-6.95404,107.604),(61,'Buah Batu - Bandung',-6.93789,107.625),(62,'Rancasari - Bandung',-6.96218,107.669),(63,'Siliwangi - Semarang',-6.98126,110.392),(64,'MT Haryono - Semarang',-6.99581,110.427),(65,'Majapahit - Semarang',-7.01068,110.471),(66,'G Walk - Surabaya',-7.26405,112.624),(67,'Sukomanunggal - Surabaya',-7.28405,112.698),(68,'Kedungdoro - Surabaya',-7.26266,112.728),(69,'Jemursari - Surabaya',-7.32331,112.74),(70,'Manyar Kertoarjo - Surabaya',-7.27819,112.763),(71,'Rungkut Mapan - Surabaya',-7.3316,112.773),(72,'Mulyosari - Surabaya',-7.25934,112.793),(73,'Cendrawasih - Makassar',-5.18688,119.468),(74,'Pettarani - Makassar',-5.15369,119.437),(75,'Perintis - Makassar',-5.13228,119.472),(76,'Johor - Medan',3.54093,98.6526),(77,'Sutomo - Medan',3.59583,98.6796),(78,'Setiabudi Medan - Medan',3.57316,98.6358),(79,'Cemara Asri - Medan',3.63034,98.6944),(80,'Millenium Plaza - Medan',3.59768,98.635);
/*!40000 ALTER TABLE `resto` ENABLE KEYS */;
UNLOCK TABLES;
/*!40103 SET TIME_ZONE=@OLD_TIME_ZONE */;

/*!40101 SET SQL_MODE=@OLD_SQL_MODE */;
/*!40014 SET FOREIGN_KEY_CHECKS=@OLD_FOREIGN_KEY_CHECKS */;
/*!40014 SET UNIQUE_CHECKS=@OLD_UNIQUE_CHECKS */;
/*!40101 SET CHARACTER_SET_CLIENT=@OLD_CHARACTER_SET_CLIENT */;
/*!40101 SET CHARACTER_SET_RESULTS=@OLD_CHARACTER_SET_RESULTS */;
/*!40101 SET COLLATION_CONNECTION=@OLD_COLLATION_CONNECTION */;
/*!40111 SET SQL_NOTES=@OLD_SQL_NOTES */;

-- Dump completed on 2023-11-17  1:14:18
